brand,racquet,grade,grip,used_price,new_price,discount_pct,new_cheaper,in_stock,sku,code,list_price,rating,reviews,specs,nspec,url,is_new,verdict,median,basis,was_price
Wilson,Wilson Ultra 100L v5 Racquet,Grade B,"4 3/8""",159.0,289.0,45,False,1,UR8B11A,WU10L5,,5.0,4,"{'head': '100 in² / 645.16 cm²', 'length': '27in / 68.58cm', 'weight': '10.4oz / 295g', 'balance': '12.99in / 32.99cm / 4 pts HL', 'swingweight': '310', 'stiffness': '64', 'beam': '24mm / 26.5mm / 24.5mm', 'composition': 'Carbon Fiber Graphite', 'power': 'Low-Medium', 'stroke': 'Medium-Full', 'swing': 'Medium-Fast', 'griptype': 'Wilson Pro Performance', 'tension': '50-60 pounds'}","{'head_in2': 100.0, 'weight_oz': 10.4, 'weight_g': 295.0, 'swingweight': 310.0, 'stiffness': 64.0, 'balance_pts': -4.0}",https://www.tennis-warehouse.com/orderusedproduct.html?pcode=WU10L5,False,,,,
Wilson,Wilson Ultra Pro 16x19 v4 Racquet,Grade C,"4 1/2""",99.0,159.0,38,False,1,UR0C35A,WUPRO6,259.0,4.8,16,"{'head': '97 in² / 625.81 cm²', 'length': '27in / 68.58cm', 'weight': '11.4oz / 323g', 'balance': '12.76in / 32.41cm / 6 pts HL', 'swingweight': '317', 'stiffness': '62', 'beam': '20.6mm / 20.6mm / 20.6mm', 'composition': 'Graphite', 'power': 'Low', 'stroke': 'Full', 'swing': 'Fast', 'griptype': 'Wilson Sublime', 'tension': '50-60 pounds'}","{'head_in2': 97.0, 'weight_oz': 11.4, 'weight_g': 323.0, 'swingweight': 317.0, 'stiffness': 62.0, 'balance_pts': -6.0}",https://www.tennis-warehouse.com/orderusedproduct.html?pcode=WUPRO6,True,,,,
Head,Head Boom Pro 2026 Racquet,Grade C,"4 3/8""",179.0,269.0,33,False,1,UR0C17A,HBOOP6,,4.0,1,"{'head': '98 in² / 632.26 cm²', 'length': '27in / 68.58cm', 'weight': '11.5oz / 326g', 'balance': '12.59in / 31.98cm / 7 pts HL', 'swingweight': '325', 'stiffness': '64', 'beam': '22mm / 22mm / 21.5mm', 'composition': 'BoronAuxetic 2/Graphene Inside/Graphite', 'power': 'Low-Medium', 'stroke': 'Medium-Full', 'swing': 'Medium-Fast', 'griptype': 'Hydrosorb Pro'}","{'head_in2': 98.0, 'weight_oz': 11.5, 'weight_g': 326.0, 'swingweight': 325.0, 'stiffness': 64.0, 'balance_pts': -7.0}",https://www.tennis-warehouse.com/orderusedproduct.html?pcode=HBOOP6,True,,,,
Wilson,Wilson Blade 104 v10 Racquet,Grade B,"4 3/8""",199.0,299.0,33,False,1,UR8B18F,WB104V,,5.0,1,"{'head': '104 in² / 670.97 cm²', 'length': '27.5in / 69.85cm', 'weight': '10.8oz / 306g', 'balance': '12.99in / 32.99cm / 6 pts HL', 'swingweight': '315', 'stiffness': '64', 'beam': '22mm / 22mm / 22mm', 'composition': 'Basalt/Braided Graphite', 'power': 'Low-Medium', 'stroke': 'Medium-Full', 'swing': 'Medium-Fast', 'griptype': 'Wilson Pro Performance', 'tension': '47-57 pounds'}","{'head_in2': 104.0, 'weight_oz': 10.8, 'weight_g': 306.0, 'swingweight': 315.0, 'stiffness': 64.0, 'balance_pts': -6.0}",https://www.tennis-warehouse.com/orderusedproduct.html?pcode=WB104V,False,,,,
Solinco,Solinco Blackout 285 Racquet,Grade C,"4 1/8""",159.0,229.99,31,False,1,UR8A18C,BLKO28,,4.5,4,"{'head': '100 in² / 645.16 cm²', 'length': '27in / 68.58cm', 'weight': '10.6oz / 301g', 'balance': '13.38in / 33.99cm / 1 pts HL', 'swingweight': '315', 'stiffness': '70', 'beam': '23.5mm / 26mm / 23mm', 'composition': '40T Carbon/Graphite', 'power': 'Low-Medium', 'stroke': 'Medium-Full', 'swing': 'Medium-Fast', 'griptype': 'Solinco Synthetic', 'tension': '45-55 pounds'}","{'head_in2': 100.0, 'weight_oz': 10.6, 'weight_g': 301.0, 'swingweight': 315.0, 'stiffness': 70.0, 'balance_pts': -1.0}",https://www.tennis-warehouse.com/orderusedproduct.html?pcode=BLKO28,False,,,,
Solinco,Solinco Whiteout 305 Racquet,Grade C,"4 3/8""",159.0,229.99,31,False,,UR8A08D,WHTO30,,5.0,14,"{'head': '98 in² / 632.26 cm²', 'length': '27in / 68.58cm', 'weight': '11.4oz / 323g', 'balance': '13in / 33.02cm / 4 pts HL', 'swingweight': '327', 'stiffness': '66', 'beam': '21.7mm / 21.7mm / 21.7mm', 'composition': '40T Carbon/Graphite', 'power': 'Low', 'stroke': 'Full', 'swing': 'Fast', 'griptype': 'Solinco Synthetic', 'tension': '45-55 pounds'}","{'head_in2': 98.0, 'weight_oz': 11.4, 'weight_g': 323.0, 'swingweight': 327.0, 'stiffness': 66.0, 'balance_pts': -4.0}",https://www.tennis-warehouse.com/orderusedproduct.html?pcode=WHTO30,False,,,,
Solinco,Solinco Whiteout 305 XTD 18x20 Racquet,Grade B,"4 1/2""",159.0,229.99,31,False,1,URD0D03A,WO18XT,,4.3,8,"{'head': '98 in² / 632.26 cm²', 'length': '27.5in / 69.85cm', 'weight': '11.4oz / 323g', 'balance': '13in / 33.02cm / 6 pts HL', 'swingweight': '331', 'stiffness': '65', 'beam': '21.7mm / 21.7mm / 21.7mm', 'composition': '40T Carbon/Graphite', 'power': 'Low', 'stroke': 'Full', 'swing': 'Fast', 'griptype': 'Solinco Synthetic', 'tension': '45-55 pounds'}","{'head_in2': 98.0, 'weight_oz': 11.4, 'weight_g': 323.0, 'swingweight': 331.0, 'stiffness': 65.0, 'balance_pts': -6.0}",https://www.tennis-warehouse.com/orderusedproduct.html?pcode=WO18XT,False,,,,
Wilson,Wilson Clash 100L v3 Racquet,Grade C,"4 1/4""",199.0,289.0,31,False,1,UR8B13F,CL1L3V,,5.0,1,"{'head': '100 in² / 645.16 cm²', 'length': '27in / 68.58cm', 'weight': '10.4oz / 295g', 'balance': '12.79in / 32.49cm / 6 pts HL', 'swingweight': '301', 'stiffness': '54', 'beam': '24.5mm / 24.5mm / 24.5mm', 'composition': 'Graphite', 'power': 'Low-Medium', 'stroke': 'Medium-Full', 'swing': 'Medium-Fast', 'griptype': 'Wilson Pro Performance', 'tension': '50-60 pounds'}","{'head_in2': 100.0, 'weight_oz': 10.4, 'weight_g': 295.0, 'swingweight': 301.0, 'stiffness': 54.0, 'balance_pts': -6.0}",https://www.tennis-warehouse.com/orderusedproduct.html?pcode=CL1L3V,False,,,,
Tecnifibre,Tecnifibre TFight 300 Racquet,Grade B,"4 1/2""",189.0,269.0,30,False,1,UR0B25C,TF30ST,,5.0,2,"{'head': '100 in² / 645.16 cm²', 'length': '27in / 68.58cm', 'weight': '11.2oz / 318g', 'balance': '12.99in / 32.99cm / 4 pts HL', 'swingweight': '318', 'stiffness': '65', 'beam': '22.5mm / 22.5mm / 22.5mm', 'composition': 'Graphite', 'power': 'Low-Medium', 'stroke': 'Medium-Full', 'swing': 'Medium-Fast', 'griptype': 'Tecnifibre X-Tra Feel', 'tension': '49-55 pounds'}","{'head_in2': 100.0, 'weight_oz': 11.2, 'weight_g': 318.0, 'swingweight': 318.0, 'stiffness': 65.0, 'balance_pts': -4.0}",https://www.tennis-warehouse.com/orderusedproduct.html?pcode=TF30ST,False,,,,
Wilson,Wilson Clash 108 v3 Racquet,Grade B,"4 1/2""",209.0,299.0,30,False,1,UR8A12E,CL183V,,4.3,6,"{'head': '108 in² / 696.77 cm²', 'length': '27.25in / 69.22cm', 'weight': '10.4oz / 295g', 'balance': '13.5in / 34.29cm / 1 pts HL', 'swingweight': '312', 'stiffness': '58', 'beam': '24.5mm / 24.5mm / 24.5mm', 'composition': 'Graphite', 'power': 'Medium', 'stroke': 'Medium', 'swing': 'Medium', 'griptype': 'Wilson Pro Performance', 'tension': '50-60 pounds'}","{'head_in2': 108.0, 'weight_oz': 10.4, 'weight_g': 295.0, 'swingweight': 312.0, 'stiffness': 58.0, 'balance_pts': -1.0}",https://www.tennis-warehouse.com/orderusedproduct.html?pcode=CL183V,False,typical,209.0,"3 past prices, this grade",
Wilson,Wilson Clash 108 v3 Racquet,Grade B,"4 1/2""",209.0,299.0,30,False,1,UR0C03F,CL183V,,4.3,6,"{'head': '108 in² / 696.77 cm²', 'length': '27.25in / 69.22cm', 'weight': '10.4oz / 295g', 'balance': '13.5in / 34.29cm / 1 pts HL', 'swingweight': '312', 'stiffness': '58', 'beam': '24.5mm / 24.5mm / 24.5mm', 'composition': 'Graphite', 'power': 'Medium', 'stroke': 'Medium', 'swing': 'Medium', 'griptype': 'Wilson Pro Performance', 'tension': '50-60 pounds'}","{'head_in2': 108.0, 'weight_oz': 10.4, 'weight_g': 295.0, 'swingweight': 312.0, 'stiffness': 58.0, 'balance_pts': -1.0}",https://www.tennis-warehouse.com/orderusedproduct.html?pcode=CL183V,False,typical,209.0,"3 past prices, this grade",
Head,Head Instinct PWR 110 Racquet,Grade B,"4 1/8""",99.0,139.0,29,False,1,UR8B17B,INSPW0,169.0,4.4,9,"{'head': '110 in² / 709.68 cm²', 'length': '27.4in / 69.6cm', 'weight': '9.7oz / 275g', 'balance': '13.8in / 35.05cm / 1 pts HH', 'swingweight': '307', 'stiffness': '67', 'beam': '26mm / 25mm / 23mm', 'composition': 'Graphene 360+/Graphite', 'power': 'Medium-High', 'stroke': 'Compact-Medium', 'swing': 'Slow-Moderate', 'griptype': 'Head Hydrosorb Comfort', 'tension': '52-62 pounds'}","{'head_in2': 110.0, 'weight_oz': 9.7, 'weight_g': 275.0, 'swingweight': 307.0, 'stiffness': 67.0, 'balance_pts': 1.0}",https://www.tennis-warehouse.com/orderusedproduct.html?pcode=INSPW0,False,,,,
Babolat,Babolat Pure Strike EVO Racquet,Grade C,"4 3/8""",129.0,179.0,28,False,1,UR8A16C,PSEVO,,5.0,2,"{'head': '102 in² / 658.06 cm²', 'length': '27in / 68.58cm', 'weight': '10.4oz / 295g', 'balance': '13in / 33.02cm / 4 pts HL', 'swingweight': '308', 'stiffness': '65', 'beam': '23mm / 25mm / 23mm', 'composition': 'Graphite', 'power': 'Low-Medium', 'stroke': 'Medium-Full', 'swing': 'Medium-Fast', 'griptype': 'Babolat Synthetic', 'tension': '50-55 pounds'}","{'head_in2': 102.0, 'weight_oz': 10.4, 'weight_g': 295.0, 'swingweight': 308.0, 'stiffness': 65.0, 'balance_pts': -4.0}",https://www.tennis-warehouse.com/orderusedproduct.html?pcode=PSEVO,False,,,,
Prince,Prince Tour 100P 2026 Racquet,Grade C,"4 3/8""",179.0,249.0,28,False,1,UR0C09F,PTR61P,,4.3,4,"{'head': '100 in² / 645.16 cm²', 'length': '27in / 68.58cm', 'weight': '11.4oz / 323g', 'balance': '12.59in / 31.98cm / 7 pts HL', 'swingweight': '325', 'stiffness': '61', 'beam': '22mm / 23mm / 20mm', 'composition': 'Textreme/Zylon/Graphite', 'power': 'Low', 'stroke': 'Full', 'swing': 'Fast', 'griptype': 'Prince Resi Pro', 'tension': '45-55 pounds'}","{'head_in2': 100.0, 'weight_oz': 11.4, 'weight_g': 323.0, 'swingweight': 325.0, 'stiffness': 61.0, 'balance_pts': -7.0}",https://www.tennis-warehouse.com/orderusedproduct.html?pcode=PTR61P,False,,,,
Yonex,Yonex EZONE 98+ (2025) Racquet,Grade C,"4 3/8""",219.0,305.0,28,False,1,UR8B19D,LEZ98B,,5.0,1,"{'head': '98 in² / 632.26 cm²', 'length': '27.5in / 69.85cm', 'weight': '11.4oz / 323g', 'balance': '13.07in / 33.2cm / 5 pts HL', 'swingweight': '334', 'stiffness': '62', 'beam': '23.8mm/24.5mm/19.5mm', 'composition': 'Minolon/2NAMD-Speed/HM Graphite', 'power': 'Low-Medium', 'stroke': 'Medium-Full', 'swing': 'Medium-Fast', 'griptype': 'Synthetic', 'tension': '45-60 pounds'}","{'head_in2': 98.0, 'weight_oz': 11.4, 'weight_g': 323.0, 'swingweight': 334.0, 'stiffness': 62.0, 'balance_pts': -5.0}",https://www.tennis-warehouse.com/orderusedproduct.html?pcode=LEZ98B,False,typical,219.0,"3 past prices, this grade",
Yonex,Yonex EZONE 98+ (2025) Racquet,Grade C,"4 3/8""",219.0,305.0,28,False,1,UR8B20D,LEZ98B,,5.0,1,"{'head': '98 in² / 632.26 cm²', 'length': '27.5in / 69.85cm', 'weight': '11.4oz / 323g', 'balance': '13.07in / 33.2cm / 5 pts HL', 'swingweight': '334', 'stiffness': '62', 'beam': '23.8mm/24.5mm/19.5mm', 'composition': 'Minolon/2NAMD-Speed/HM Graphite', 'power': 'Low-Medium', 'stroke': 'Medium-Full', 'swing': 'Medium-Fast', 'griptype': 'Synthetic', 'tension': '45-60 pounds'}","{'head_in2': 98.0, 'weight_oz': 11.4, 'weight_g': 323.0, 'swingweight': 334.0, 'stiffness': 62.0, 'balance_pts': -5.0}",https://www.tennis-warehouse.com/orderusedproduct.html?pcode=LEZ98B,False,typical,219.0,"3 past prices, this grade",
Yonex,Yonex EZONE 100L (2025) Racquet,Grade C,"4 1/8""",219.0,305.0,28,False,1,UR8B12F,EZ1LBB,,4.0,3,"{'head': '100 in² / 645.16 cm²', 'length': '27in / 68.58cm', 'weight': '10.6oz / 301g', 'balance': '13.18in / 33.48cm / 3 pts HL', 'swingweight': '310', 'stiffness': '67', 'beam': '24.5mm / 26.5mm / 23mm', 'composition': 'Minolon/2NAMD-Speed/HM Graphite', 'power': 'Low-Medium', 'stroke': 'Medium-Full', 'swing': 'Medium-Fast', 'griptype': 'Synthetic', 'tension': '40-55 pounds'}","{'head_in2': 100.0, 'weight_oz': 10.6, 'weight_g': 301.0, 'swingweight': 310.0, 'stiffness': 67.0, 'balance_pts': -3.0}",https://www.tennis-warehouse.com/orderusedproduct.html?pcode=EZ1LBB,False,typical,212.11864909301636,"5 past prices across grades, adjusted to Grade C",
Yonex,Yonex VCORE 95 8th Gen Racquet,Grade C,"4 1/4""",219.0,305.0,28,False,1,UR0C31A,VC958G,,4.8,6,"{'head': '95 in² / 612.9 cm²', 'length': '27in / 68.58cm', 'weight': '11.5oz / 326g', 'balance': '12.59in / 31.98cm / 7 pts HL', 'swingweight': '323', 'stiffness': '62', 'beam': '22mm / 22mm / 22mm', 'composition': '2G-Namd FlexForce/H.M. Graphite', 'power': 'Low', 'stroke': 'Full', 'swing': 'Fast', 'griptype': 'Yonex Synthetic', 'tension': '45-60 pounds'}","{'head_in2': 95.0, 'weight_oz': 11.5, 'weight_g': 326.0, 'swingweight': 323.0, 'stiffness': 62.0, 'balance_pts': -7.0}",https://www.tennis-warehouse.com/orderusedproduct.html?pcode=VC958G,False,,,,
Head,Head Prestige MP L Racquet,Grade B,"4 1/4""",189.0,259.0,27,False,1,UR0B27F,HPRMPL,279.0,4.3,12,"{'head': '99 in² / 638.71 cm²', 'length': '27in / 68.58cm', 'weight': '11.2oz / 318g', 'balance': '12.79in / 32.49cm / 6 pts HL', 'swingweight': '309', 'stiffness': '61', 'beam': '21.5mm / 21.5mm / 21.5mm', 'composition': 'Auxetic 2/Graphene Inside/Graphite', 'power': 'Low', 'stroke': 'Full', 'swing': 'Fast', 'griptype': 'Head Hydrosorb Pro', 'tension': '48-57 pounds'}","{'head_in2': 99.0, 'weight_oz': 11.2, 'weight_g': 318.0, 'swingweight': 309.0, 'stiffness': 61.0, 'balance_pts': -6.0}",https://www.tennis-warehouse.com/orderusedproduct.html?pcode=HPRMPL,False,typical,189.0,"4 past prices, this grade",
Head,Head Prestige MP L Racquet,Grade B,"4 3/8""",189.0,259.0,27,False,,URD0D11E,HPRMPL,279.0,4.3,12,"{'head': '99 in² / 638.71 cm²', 'length': '27in / 68.58cm', 'weight': '11.2oz / 318g', 'balance': '12.79in / 32.49cm / 6 pts HL', 'swingweight': '309', 'stiffness': '61', 'beam': '21.5mm / 21.5mm / 21.5mm', 'composition': 'Auxetic 2/Graphene Inside/Graphite', 'power': 'Low', 'stroke': 'Full', 'swing': 'Fast', 'griptype': 'Head Hydrosorb Pro', 'tension': '48-57 pounds'}","{'head_in2': 99.0, 'weight_oz': 11.2, 'weight_g': 318.0, 'swingweight': 309.0, 'stiffness': 61.0, 'balance_pts': -6.0}",https://www.tennis-warehouse.com/orderusedproduct.html?pcode=HPRMPL,False,typical,189.0,"4 past prices, this grade",
Head,Head Prestige MP L Racquet,Grade B,"4 1/2""",189.0,259.0,27,False,1,UR0C23A,HPRMPL,279.0,4.3,12,"{'head': '99 in² / 638.71 cm²', 'length': '27in / 68.58cm', 'weight': '11.2oz / 318g', 'balance': '12.79in / 32.49cm / 6 pts HL', 'swingweight': '309', 'stiffness': '61', 'beam': '21.5mm / 21.5mm / 21.5mm', 'composition': 'Auxetic 2/Graphene Inside/Graphite', 'power': 'Low', 'stroke': 'Full', 'swing': 'Fast', 'griptype': 'Head Hydrosorb Pro', 'tension': '48-57 pounds'}","{'head_in2': 99.0, 'weight_oz': 11.2, 'weight_g': 318.0, 'swingweight': 309.0, 'stiffness': 61.0, 'balance_pts': -6.0}",https://www.tennis-warehouse.com/orderusedproduct.html?pcode=HPRMPL,False,typical,189.0,"4 past prices, this grade",
Head,Head Prestige Tour Racquet,Grade B,"4 1/2""",199.0,269.0,26,False,1,UR0C03A,THPRTR,299.0,4.4,18,"{'head': '95 in² / 612.9 cm²', 'length': '27in / 68.58cm', 'weight': '11.7oz / 332g', 'balance': '12.79in / 32.49cm / 6 pts HL', 'swingweight': '330', 'stiffness': '62', 'beam': '22mm / 22mm / 22mm', 'composition': 'Auxetic 2/Graphene Inside/Graphite', 'power': 'Low-Medium', 'stroke': 'Medium-Full', 'swing': 'Medium-Fast', 'griptype': 'Head Hydrosorb Pro', 'tension': '48-57 pounds'}","{'head_in2': 95.0, 'weight_oz': 11.7, 'weight_g': 332.0, 'swingweight': 330.0, 'stiffness': 62.0, 'balance_pts': -6.0}",https://www.tennis-warehouse.com/orderusedproduct.html?pcode=THPRTR,False,,,,
Head,Head Boom Pro 2026 Racquet,Grade B,"4 3/8""",199.0,269.0,26,False,1,UR8B08G,HBOOP6,,4.0,1,"{'head': '98 in² / 632.26 cm²', 'length': '27in / 68.58cm', 'weight': '11.5oz / 326g', 'balance': '12.59in / 31.98cm / 7 pts HL', 'swingweight': '325', 'stiffness': '64', 'beam': '22mm / 22mm / 21.5mm', 'composition': 'BoronAuxetic 2/Graphene Inside/Graphite', 'power': 'Low-Medium', 'stroke': 'Medium-Full', 'swing': 'Medium-Fast', 'griptype': 'Hydrosorb Pro'}","{'head_in2': 98.0, 'weight_oz': 11.5, 'weight_g': 326.0, 'swingweight': 325.0, 'stiffness': 64.0, 'balance_pts': -7.0}",https://www.tennis-warehouse.com/orderusedproduct.html?pcode=HBOOP6,True,,,,
Head,Head Extreme Pro 2024 Racquet,Grade B,"4 1/2""",149.0,199.0,25,False,1,UR0C15A,HREP24,299.0,4.4,21,"{'head': '98 in² / 632.26 cm²', 'length': '27in / 68.58cm', 'weight': '11.4oz / 323g', 'balance': '12.79in / 32.49cm / 6 pts HL', 'swingweight': '322', 'stiffness': '64', 'beam': '22mm / 23mm / 21mm', 'composition': 'Graphene 360+/Graphite', 'power': 'Low-Medium', 'stroke': 'Medium-Full', 'swing': 'Medium-Fast', 'griptype': 'Hydrosorb Pro', 'tension': '48-57 pounds'}","{'head_in2': 98.0, 'weight_oz': 11.4, 'weight_g': 323.0, 'swingweight': 322.0, 'stiffness': 64.0, 'balance_pts': -6.0}",https://www.tennis-warehouse.com/orderusedproduct.html?pcode=HREP24,False,typical,149.0,"6 past prices, this grade",219.0
Wilson,Wilson Ultra 100UL v5 Racquet,Grade B,"4 3/8""",209.0,279.0,25,False,1,UR0B25F,WU1UL5,,5.0,1,"{'head': '100 in² / 645.16 cm²', 'length': '27in / 68.58cm', 'weight': '9.7oz / 275g', 'balance': '13.7in / 34.8cm / 2 pts HH', 'swingweight': '290', 'stiffness': '65', 'beam': '24mm / 26.5mm / 24.5mm', 'composition': 'Carbon Fiber Graphite', 'power': 'Low-Medium', 'stroke': 'Medium-Full', 'swing': 'Medium-Fast', 'griptype': 'Wilson Pro Performance', 'tension': '50-60 pounds'}","{'head_in2': 100.0, 'weight_oz': 9.7, 'weight_g': 275.0, 'swingweight': 290.0, 'stiffness': 65.0, 'balance_pts': 2.0}",https://www.tennis-warehouse.com/orderusedproduct.html?pcode=WU1UL5,False,,,,
Wilson,Wilson Pro Staff Six.One 100 v14 Racquet,Grade A,,129.0,169.0,24,False,1,UR0C05C,WPS614,289.0,4.5,2,"{'head': '100 in² / 645.16 cm²', 'length': '27in / 68.58cm', 'weight': '11.4oz / 323g', 'balance': '12.79in / 32.49cm / 6 pts HL', 'swingweight': '326', 'stiffness': '65', 'beam': '22.5mm / 22.5mm / 22.5mm', 'composition': 'Braided Graphite', 'power': 'Low-Medium', 'stroke': 'Medium-Full', 'swing': 'Medium-Fast', 'griptype': 'Wilson Pro Performance', 'tension': '50-60 pounds'}","{'head_in2': 100.0, 'weight_oz': 11.4, 'weight_g': 323.0, 'swingweight': 326.0, 'stiffness': 65.0, 'balance_pts': -6.0}",https://www.tennis-warehouse.com/orderusedproduct.html?pcode=WPS614,False,,,,
Prince,Prince Tour 100 290g 2026 Racquet,Grade C,"4 3/8""",189.0,249.0,24,False,1,UR0C33B,PTR629,,5.0,1,"{'head': '100 in² / 645.16 cm²', 'length': '27in / 68.58cm', 'weight': '10.8oz / 306g', 'balance': '13in / 33.02cm / 4 pts HL', 'swingweight': '316', 'stiffness': '64', 'beam': '22mm / 23mm / 20mm', 'composition': 'Textreme/Zylon/Graphite', 'power': 'Low-Medium', 'stroke': 'Medium-Full', 'swing': 'Medium-Fast', 'griptype': 'Prince Resi Pro', 'tension': '48-58 pounds'}","{'head_in2': 100.0, 'weight_oz': 10.8, 'weight_g': 306.0, 'swingweight': 316.0, 'stiffness': 64.0, 'balance_pts': -4.0}",https://www.tennis-warehouse.com/orderusedproduct.html?pcode=PTR629,False,,,,
Dunlop,Dunlop FX 500 Tour Racquet,Grade C,"4 1/2""",189.0,249.99,24,False,1,UR0C29F,DF50T,,5.0,1,"{'head': '98 in² / 632.26 cm²', 'length': '27in / 68.58cm', 'weight': '11.4oz / 323g', 'balance': '12.79in / 32.49cm / 6 pts HL', 'swingweight': '322', 'stiffness': '65', 'beam': '21mm / 23mm / 21mm', 'composition': 'Sonic Core Infinergy/Graphite', 'power': 'Low-Medium', 'stroke': 'Medium-Full', 'swing': 'Medium-Fast', 'griptype': 'Dunlop Synthetic', 'tension': '45-65 pounds'}","{'head_in2': 98.0, 'weight_oz': 11.4, 'weight_g': 323.0, 'swingweight': 322.0, 'stiffness': 65.0, 'balance_pts': -6.0}",https://www.tennis-warehouse.com/orderusedproduct.html?pcode=DF50T,False,,,,
Head,Head Gravity Tour 2025 Racquet,Grade B,"4 3/8""",169.0,219.0,23,False,2,URD0D01E,HGTRR,299.0,4.5,17,"{'head': '98 in² / 632.26 cm²', 'length': '27in / 68.58cm', 'weight': '11.4oz / 323g', 'balance': '12.99in / 32.99cm / 4 pts HL', 'swingweight': '328', 'stiffness': '59', 'beam': '22mm / 22mm / 22mm', 'composition': ': Graphene Inside/Auxetic 2/Graphite', 'power': 'Low-Medium', 'stroke': 'Medium-Full', 'swing': 'Medium-Fast', 'griptype': 'Head Hydrosorb Pro', 'tension': '48-57 pounds'}","{'head_in2': 98.0, 'weight_oz': 11.4, 'weight_g': 323.0, 'swingweight': 328.0, 'stiffness': 59.0, 'balance_pts': -4.0}",https://www.tennis-warehouse.com/orderusedproduct.html?pcode=HGTRR,False,typical,169.0,"5 past prices, this grade",209.0
Head,Head Gravity Tour 2025 Racquet,Grade B,"4 1/2""",169.0,219.0,23,False,1,UR0C23C,HGTRR,299.0,4.5,17,"{'head': '98 in² / 632.26 cm²', 'length': '27in / 68.58cm', 'weight': '11.4oz / 323g', 'balance': '12.99in / 32.99cm / 4 pts HL', 'swingweight': '328', 'stiffness': '59', 'beam': '22mm / 22mm / 22mm', 'composition': ': Graphene Inside/Auxetic 2/Graphite', 'power': 'Low-Medium', 'stroke': 'Medium-Full', 'swing': 'Medium-Fast', 'griptype': 'Head Hydrosorb Pro', 'tension': '48-57 pounds'}","{'head_in2': 98.0, 'weight_oz': 11.4, 'weight_g': 323.0, 'swingweight': 328.0, 'stiffness': 59.0, 'balance_pts': -4.0}",https://www.tennis-warehouse.com/orderusedproduct.html?pcode=HGTRR,False,typical,169.0,"5 past prices, this grade",
Head,Head Gravity Tour 2025 Racquet,Grade B,"4 1/2""",169.0,219.0,23,False,1,UR0C29B,HGTRR,299.0,4.5,17,"{'head': '98 in² / 632.26 cm²', 'length': '27in / 68.58cm', 'weight': '11.4oz / 323g', 'balance': '12.99in / 32.99cm / 4 pts HL', 'swingweight': '328', 'stiffness': '59', 'beam': '22mm / 22mm / 22mm', 'composition': ': Graphene Inside/Auxetic 2/Graphite', 'power': 'Low-Medium', 'stroke': 'Medium-Full', 'swing': 'Medium-Fast', 'griptype': 'Head Hydrosorb Pro', 'tension': '48-57 pounds'}","{'head_in2': 98.0, 'weight_oz': 11.4, 'weight_g': 323.0, 'swingweight': 328.0, 'stiffness': 59.0, 'balance_pts': -4.0}",https://www.tennis-warehouse.com/orderusedproduct.html?pcode=HGTRR,False,typical,169.0,"5 past prices, this grade",209.0
Head,Head Extreme MP XL Racquet,Grade B,"4 1/4""",199.0,259.0,23,False,1,UR8B20G,HEMPXL,,4.8,4,"{'head': '100 in² / 645.16 cm²', 'length': '27.5in / 69.85cm', 'weight': '11.2oz / 318g', 'balance': '12.99in / 32.99cm / 6 pts HL', 'swingweight': '326', 'stiffness': '63', 'beam': '23mm / 26mm / 21mm', 'composition': 'Boron, Auxetic 2, Graphene, Graphite', 'power': 'Low-Medium', 'stroke': 'Medium-Full', 'swing': 'Medium-Fast', 'griptype': 'Hydrosorb Pro', 'tension': '48-57 pounds'}","{'head_in2': 100.0, 'weight_oz': 11.2, 'weight_g': 318.0, 'swingweight': 326.0, 'stiffness': 63.0, 'balance_pts': -6.0}",https://www.tennis-warehouse.com/orderusedproduct.html?pcode=HEMPXL,False,,,,
Head,Head Extreme MP Racquet,Grade C,"4 3/8""",199.0,259.0,23,False,1,UR0C17F,HREM26,,4.0,2,"{'head': '100 in² / 645.16 cm²', 'length': '27in / 68.58cm', 'weight': '11.2oz / 318g', 'balance': '12.99in / 32.99cm / 4 pts HL', 'swingweight': '318', 'stiffness': '67', 'beam': '23mm / 26mm / 21mm', 'composition': 'Boron, Auxetic 2, Graphene, Graphite', 'power': 'Low-Medium', 'stroke': 'Medium-Full', 'swing': 'Medium-Fast', 'griptype': 'Hydrosorb Pro', 'tension': '48-57 pounds'}","{'head_in2': 100.0, 'weight_oz': 11.2, 'weight_g': 318.0, 'swingweight': 318.0, 'stiffness': 67.0, 'balance_pts': -4.0}",https://www.tennis-warehouse.com/orderusedproduct.html?pcode=HREM26,False,,,,
Tecnifibre,Tecnifibre Fire 300 Racquet,Grade C,"4 3/8""",199.0,259.0,23,False,1,UR0B21D,TFFI30,,5.0,1,"{'head': '100 in² / 645.16 cm²', 'length': '27in / 68.58cm', 'weight': '11.2oz / 318g', 'balance': '13in / 33.02cm / 4 pts HL', 'swingweight': '318', 'stiffness': '69', 'beam': '24.5mm / 25mm / 24.5mm', 'composition': 'Graphite', 'power': 'Low-Medium', 'stroke': 'Medium-Full', 'swing': 'Medium-Fast', 'griptype': 'Tecnifibre Synthetic', 'tension': '49-55 pounds'}","{'head_in2': 100.0, 'weight_oz': 11.2, 'weight_g': 318.0, 'swingweight': 318.0, 'stiffness': 69.0, 'balance_pts': -4.0}",https://www.tennis-warehouse.com/orderusedproduct.html?pcode=TFFI30,False,,,,
Wilson,Wilson Ultra 99 Pro v5 Racquet,Grade B,"4 1/4""",229.0,299.0,23,False,1,UR8A06A,WU99P5,,4.8,4,"{'head': '99 in² / 638.71 cm²', 'length': '27in / 68.58cm', 'weight': '11.4oz / 323g', 'balance': '13.17in / 33.45cm / 3 pts HL', 'swingweight': '330', 'stiffness': '69', 'beam': '22mm / 23.5mm / 21.5mm', 'composition': 'Carbon Fiber Graphite', 'power': 'Low-Medium', 'stroke': 'Medium-Full', 'swing': 'Medium-Fast', 'griptype': 'Wilson Pro Performance', 'tension': '50-60 pounds'}","{'head_in2': 99.0, 'weight_oz': 11.4, 'weight_g': 323.0, 'swingweight': 330.0, 'stiffness': 69.0, 'balance_pts': -3.0}",https://www.tennis-warehouse.com/orderusedproduct.html?pcode=WU99P5,False,typical,227.8062200956938,"4 past prices across grades, adjusted to Grade B",
Wilson,Wilson Ultra 99 Pro v5 Racquet,Grade A,"4 3/8""",229.0,299.0,23,False,1,UR0B23E,WU99P5,,4.8,4,"{'head': '99 in² / 638.71 cm²', 'length': '27in / 68.58cm', 'weight': '11.4oz / 323g', 'balance': '13.17in / 33.45cm / 3 pts HL', 'swingweight': '330', 'stiffness': '69', 'beam': '22mm / 23.5mm / 21.5mm', 'composition': 'Carbon Fiber Graphite', 'power': 'Low-Medium', 'stroke': 'Medium-Full', 'swing': 'Medium-Fast', 'griptype': 'Wilson Pro Performance', 'tension': '50-60 pounds'}","{'head_in2': 99.0, 'weight_oz': 11.4, 'weight_g': 323.0, 'swingweight': 330.0, 'stiffness': 69.0, 'balance_pts': -3.0}",https://www.tennis-warehouse.com/orderusedproduct.html?pcode=WU99P5,False,typical,239.2537688442211,"4 past prices across grades, adjusted to Grade A",238.0
Wilson,Wilson Ultra 100 v5 Racquet,Grade B,"4 1/4""",229.0,299.0,23,False,1,UR0B37C,WU1005,,4.3,4,"{'head': '100 in² / 645.16 cm²', 'length': '27in / 68.58cm', 'weight': '11.2oz / 318g', 'balance': '13in / 33.02cm / 4 pts HL', 'swingweight': '322', 'stiffness': '67', 'beam': '24mm / 26.5mm / 24.5mm', 'composition': 'Carbon Fiber Graphite', 'power': 'Low-Medium', 'stroke': 'Medium-Full', 'swing': 'Medium-Fast', 'griptype': 'Wilson Pro Performance', 'tension': '50-60 pounds'}","{'head_in2': 100.0, 'weight_oz': 11.2, 'weight_g': 318.0, 'swingweight': 322.0, 'stiffness': 67.0, 'balance_pts': -4.0}",https://www.tennis-warehouse.com/orderusedproduct.html?pcode=WU1005,False,typical,228.28229665071768,"4 past prices across grades, adjusted to Grade B",
Babolat,Babolat Pure Strike Team Racquet 2024,Grade A,"4 3/8""",109.0,139.0,22,False,1,UR8A11F,BSRKT,229.0,4.8,4,"{'head': '100 in² / 645.16 cm²', 'length': '27in / 68.58cm', 'weight': '10.7oz / 303g', 'balance': '13.38in / 33.99cm / 1 pts HL', 'swingweight': '307', 'stiffness': '64', 'beam': '21mm / 23mm / 21mm', 'composition': 'Graphite', 'power': 'Low-Medium', 'stroke': 'Medium-Full', 'swing': 'Medium-Fast', 'griptype': 'Babolat Syntec Team', 'tension': '46-55 pounds'}","{'head_in2': 100.0, 'weight_oz': 10.7, 'weight_g': 303.0, 'swingweight': 307.0, 'stiffness': 64.0, 'balance_pts': -1.0}",https://www.tennis-warehouse.com/orderusedproduct.html?pcode=BSRKT,False,,,,
Babolat,Babolat Pure Strike Team Racquet 2024,Grade A,"4 1/2""",109.0,139.0,22,False,1,UR8A09F,BSRKT,229.0,4.8,4,"{'head': '100 in² / 645.16 cm²', 'length': '27in / 68.58cm', 'weight': '10.7oz / 303g', 'balance': '13.38in / 33.99cm / 1 pts HL', 'swingweight': '307', 'stiffness': '64', 'beam': '21mm / 23mm / 21mm', 'composition': 'Graphite', 'power': 'Low-Medium', 'stroke': 'Medium-Full', 'swing': 'Medium-Fast', 'griptype': 'Babolat Syntec Team', 'tension': '46-55 pounds'}","{'head_in2': 100.0, 'weight_oz': 10.7, 'weight_g': 303.0, 'swingweight': 307.0, 'stiffness': 64.0, 'balance_pts': -1.0}",https://www.tennis-warehouse.com/orderusedproduct.html?pcode=BSRKT,False,,,,
Head,Head Graphene 360+ Extreme MP Racquet,Grade B,"4 3/8""",109.0,139.0,22,False,1,UR8A11A,360XM,249.0,5.0,9,"{'head': '100 in² / 645.16 cm²', 'length': '27in / 68.58cm', 'weight': '11.2oz / 318g', 'balance': '13.18in / 33.48cm / 3 pts HL', 'swingweight': '325', 'stiffness': '66', 'beam': '23mm / 26mm / 21mm', 'composition': 'Graphene 360+/Graphite', 'power': 'Low-Medium', 'stroke': 'Medium-Full', 'swing': 'Medium-Fast', 'griptype': 'Hydrosorb Pro', 'tension': '52-62 pounds'}","{'head_in2': 100.0, 'weight_oz': 11.2, 'weight_g': 318.0, 'swingweight': 325.0, 'stiffness': 66.0, 'balance_pts': -3.0}",https://www.tennis-warehouse.com/orderusedproduct.html?pcode=360XM,False,,,,
Head,Head Boom MP Mint Racquet,Grade A,"4 3/8""",139.0,179.0,22,False,2,URD0D03E,BOOMMA,299.0,4.7,11,"{'head': '100 in² / 645.16 cm²', 'length': '27in / 68.58cm', 'weight': '11oz / 312g', 'balance': '12.79in / 32.49cm / 6 pts HL', 'swingweight': '317', 'stiffness': '62', 'beam': '23mm / 24mm / 22mm', 'composition': 'Auxetic 2/Graphene Inside/Graphite', 'power': 'Low-Medium', 'stroke': 'Medium-Full', 'swing': 'Medium-Fast', 'griptype': 'Hydrosorb Pro', 'tension': '48-57 pounds'}","{'head_in2': 100.0, 'weight_oz': 11.0, 'weight_g': 312.0, 'swingweight': 317.0, 'stiffness': 62.0, 'balance_pts': -6.0}",https://www.tennis-warehouse.com/orderusedproduct.html?pcode=BOOMMA,True,,,,
Head,Head Speed Tour 2026 Racquet,Grade C,"4 1/4""",209.0,269.0,22,False,1,UR0C11B,HSPDT6,,4.5,10,"{'head': '97 in² / 625.81 cm²', 'length': '27in / 68.58cm', 'weight': '11.4oz / 323g', 'balance': '12.79in / 32.49cm / 6 pts HL', 'swingweight': '325', 'stiffness': '61', 'beam': '23mm / 23mm / 23mm', 'composition': 'Auxetic 2/Graphene Inside/Boron/Graphite', 'power': 'Low-Medium', 'stroke': 'Medium-Full', 'swing': 'Medium-Fast', 'griptype': 'Head Hydrosorb Pro', 'tension': '48-57 pounds'}","{'head_in2': 97.0, 'weight_oz': 11.4, 'weight_g': 323.0, 'swingweight': 325.0, 'stiffness': 61.0, 'balance_pts': -6.0}",https://www.tennis-warehouse.com/orderusedproduct.html?pcode=HSPDT6,False,high,186.6650898897604,"4 past prices across grades, adjusted to Grade C",
Head,Head Speed Pro 2026 Racquet,Grade C,"4 1/2""",209.0,269.0,22,False,2,URD0D05D,HSPDP6,,4.8,9,"{'head': '100 in² / 645.16 cm²', 'length': '27in / 68.58cm', 'weight': '11.5oz / 326g', 'balance': '12.59in / 31.98cm / 7 pts HL', 'swingweight': '328', 'stiffness': '61', 'beam': '23mm / 23mm / 23mm', 'composition': 'Auxetic 2/Graphene Inside/Boron/Graphite', 'power': 'Low', 'stroke': 'Full', 'swing': 'Fast', 'griptype': 'Head Hydrosorb Pro', 'tension': '48-57 pounds'}","{'head_in2': 100.0, 'weight_oz': 11.5, 'weight_g': 326.0, 'swingweight': 328.0, 'stiffness': 61.0, 'balance_pts': -7.0}",https://www.tennis-warehouse.com/orderusedproduct.html?pcode=HSPDP6,False,typical,202.4126287107906,"4 past prices across grades, adjusted to Grade C",
Head,Head Speed Team 2026 Racquet,Grade A,"4""",189.0,239.0,21,False,1,UR0B23B,HSPTM6,,,,"{'head': '105 in² / 677.42 cm²', 'length': '27.4in / 69.6cm', 'weight': '10oz / 283g', 'balance': '13.1in / 33.27cm / 5 pts HL', 'swingweight': '303', 'stiffness': '62', 'beam': '24mm / 24mm / 24mm', 'composition': 'Auxetic 2/Graphene Inside/Boron/Graphite', 'power': 'Medium', 'stroke': 'Medium', 'swing': 'Medium', 'griptype': 'Head Hydrosorb Pro', 'tension': '48-57 pounds'}","{'head_in2': 105.0, 'weight_oz': 10.0, 'weight_g': 283.0, 'swingweight': 303.0, 'stiffness': 62.0, 'balance_pts': -5.0}",https://www.tennis-warehouse.com/orderusedproduct.html?pcode=HSPTM6,False,,,,
Head,Head Speed Team 2026 Racquet,Grade A,"4 1/4""",189.0,239.0,21,False,1,UR8B11G,HSPTM6,,,,"{'head': '105 in² / 677.42 cm²', 'length': '27.4in / 69.6cm', 'weight': '10oz / 283g', 'balance': '13.1in / 33.27cm / 5 pts HL', 'swingweight': '303', 'stiffness': '62', 'beam': '24mm / 24mm / 24mm', 'composition': 'Auxetic 2/Graphene Inside/Boron/Graphite', 'power': 'Medium', 'stroke': 'Medium', 'swing': 'Medium', 'griptype': 'Head Hydrosorb Pro', 'tension': '48-57 pounds'}","{'head_in2': 105.0, 'weight_oz': 10.0, 'weight_g': 283.0, 'swingweight': 303.0, 'stiffness': 62.0, 'balance_pts': -5.0}",https://www.tennis-warehouse.com/orderusedproduct.html?pcode=HSPTM6,False,,,,
Solinco,Solinco Whiteout 305 v2 Camo Racquet,Grade A,"4 1/8""",189.0,239.99,21,False,1,UR0C33F,WTOCAH,,5.0,5,"{'head': '98 in² / 632.26 cm²', 'length': '27in / 68.58cm', 'weight': '11.4oz / 323g', 'balance': '13in / 33.02cm / 4 pts HL', 'swingweight': '328', 'stiffness': '65', 'beam': '21.7mm / 21.7mm / 21.7mm', 'composition': '40T Carbon/Graphite', 'power': 'Low', 'stroke': 'Full', 'swing': 'Fast', 'griptype': 'Solinco Synthetic'}","{'head_in2': 98.0, 'weight_oz': 11.4, 'weight_g': 323.0, 'swingweight': 328.0, 'stiffness': 65.0, 'balance_pts': -4.0}",https://www.tennis-warehouse.com/orderusedproduct.html?pcode=WTOCAH,False,,,,
Solinco,Solinco Whiteout 305 v2 Camo Racquet,Grade A,"4 3/8""",189.0,239.99,21,False,1,UR0C19F,WTOCAH,,5.0,5,"{'head': '98 in² / 632.26 cm²', 'length': '27in / 68.58cm', 'weight': '11.4oz / 323g', 'balance': '13in / 33.02cm / 4 pts HL', 'swingweight': '328', 'stiffness': '65', 'beam': '21.7mm / 21.7mm / 21.7mm', 'composition': '40T Carbon/Graphite', 'power': 'Low', 'stroke': 'Full', 'swing': 'Fast', 'griptype': 'Solinco Synthetic'}","{'head_in2': 98.0, 'weight_oz': 11.4, 'weight_g': 323.0, 'swingweight': 328.0, 'stiffness': 65.0, 'balance_pts': -4.0}",https://www.tennis-warehouse.com/orderusedproduct.html?pcode=WTOCAH,False,,,,
Solinco,Solinco Whiteout 290 v2 Camo Racquet,Grade A,"4 1/4""",189.0,239.99,21,False,1,UR0B33E,WTOCAL,,5.0,2,"{'head': '98 in² / 632.26 cm²', 'length': '27in / 68.58cm', 'weight': '10.7oz / 303g', 'balance': '13.18in / 33.48cm / 3 pts HL', 'swingweight': '315', 'stiffness': '65', 'beam': '21.7mm / 21.7mm / 21.7mm', 'composition': '40T Carbon/Graphite', 'power': 'Low-Medium', 'stroke': 'Medium-Full', 'swing': 'Medium-Fast', 'griptype': 'Solinco Synthetic'}","{'head_in2': 98.0, 'weight_oz': 10.7, 'weight_g': 303.0, 'swingweight': 315.0, 'stiffness': 65.0, 'balance_pts': -3.0}",https://www.tennis-warehouse.com/orderusedproduct.html?pcode=WTOCAL,False,,,,
Solinco,Solinco Whiteout 290 v2 Camo Racquet,Grade A,"4 3/8""",189.0,239.99,21,False,1,UR8A07D,WTOCAL,,5.0,2,"{'head': '98 in² / 632.26 cm²', 'length': '27in / 68.58cm', 'weight': '10.7oz / 303g', 'balance': '13.18in / 33.48cm / 3 pts HL', 'swingweight': '315', 'stiffness': '65', 'beam': '21.7mm / 21.7mm / 21.7mm', 'composition': '40T Carbon/Graphite', 'power': 'Low-Medium', 'stroke': 'Medium-Full', 'swing': 'Medium-Fast', 'griptype': 'Solinco Synthetic'}","{'head_in2': 98.0, 'weight_oz': 10.7, 'weight_g': 303.0, 'swingweight': 315.0, 'stiffness': 65.0, 'balance_pts': -3.0}",https://www.tennis-warehouse.com/orderusedproduct.html?pcode=WTOCAL,False,,,,
Wilson,Wilson Ultra 111 v5 Racquet,Grade A,"4 1/4""",229.0,289.0,21,False,1,UR8B04G,WU1115,,5.0,2,"{'head': '111 in² / 716.13 cm²', 'length': '27.25in / 69.22cm', 'weight': '10oz / 283g', 'balance': '13in / 33.02cm / 5 pts HL', 'swingweight': '290', 'stiffness': '66', 'beam': '26mm / 27.5mm / 25mm', 'composition': 'Carbon Fiber Graphite', 'power': 'Medium-High', 'stroke': 'Compact-Medium', 'swing': 'Slow-Moderate', 'griptype': 'Wilson Pro Performance', 'tension': '50-60 pounds'}","{'head_in2': 111.0, 'weight_oz': 10.0, 'weight_g': 283.0, 'swingweight': 290.0, 'stiffness': 66.0, 'balance_pts': -5.0}",https://www.tennis-warehouse.com/orderusedproduct.html?pcode=WU1115,False,typical,229.0,"4 past prices, this grade",
Wilson,Wilson Ultra 111 v5 Racquet,Grade A,"4 3/8""",229.0,289.0,21,False,1,UR8A03F,WU1115,,5.0,2,"{'head': '111 in² / 716.13 cm²', 'length': '27.25in / 69.22cm', 'weight': '10oz / 283g', 'balance': '13in / 33.02cm / 5 pts HL', 'swingweight': '290', 'stiffness': '66', 'beam': '26mm / 27.5mm / 25mm', 'composition': 'Carbon Fiber Graphite', 'power': 'Medium-High', 'stroke': 'Compact-Medium', 'swing': 'Slow-Moderate', 'griptype': 'Wilson Pro Performance', 'tension': '50-60 pounds'}","{'head_in2': 111.0, 'weight_oz': 10.0, 'weight_g': 283.0, 'swingweight': 290.0, 'stiffness': 66.0, 'balance_pts': -5.0}",https://www.tennis-warehouse.com/orderusedproduct.html?pcode=WU1115,False,typical,229.0,"4 past prices, this grade",
Tecnifibre,Tecnifibre TF40 305g (18x20) Racquet 2024,Grade A,"4 1/2""",159.0,199.0,20,False,2,URD0E03C,TF40R2,279.0,4.8,57,"{'head': '98 in² / 632.26 cm²', 'length': '27in / 68.58cm', 'weight': '11.4oz / 323g', 'balance': '13.12in / 33.32cm / 3 pts HL', 'swingweight': '330', 'stiffness': '64', 'beam': '22mm / 22mm / 22mm', 'composition': 'Dynacore XTC/Graphite', 'power': 'Low', 'stroke': 'Full', 'swing': 'Fast', 'griptype': 'Tecnifibre Xtra Feel', 'tension': '49-55 pounds'}","{'head_in2': 98.0, 'weight_oz': 11.4, 'weight_g': 323.0, 'swingweight': 330.0, 'stiffness': 64.0, 'balance_pts': -3.0}",https://www.tennis-warehouse.com/orderusedproduct.html?pcode=TF40R2,False,,,,
Prince,Prince Tour 100 290g 2026 Racquet,Grade B,"4 3/8""",199.0,249.0,20,False,1,UR0B29D,PTR629,,5.0,1,"{'head': '100 in² / 645.16 cm²', 'length': '27in / 68.58cm', 'weight': '10.8oz / 306g', 'balance': '13in / 33.02cm / 4 pts HL', 'swingweight': '316', 'stiffness': '64', 'beam': '22mm / 23mm / 20mm', 'composition': 'Textreme/Zylon/Graphite', 'power': 'Low-Medium', 'stroke': 'Medium-Full', 'swing': 'Medium-Fast', 'griptype': 'Prince Resi Pro', 'tension': '48-58 pounds'}","{'head_in2': 100.0, 'weight_oz': 10.8, 'weight_g': 306.0, 'swingweight': 316.0, 'stiffness': 64.0, 'balance_pts': -4.0}",https://www.tennis-warehouse.com/orderusedproduct.html?pcode=PTR629,False,,,,
Tecnifibre,Tecnifibre Fire 285 Racquet,Grade B,"4 3/8""",199.0,249.0,20,False,1,UR0B27B,TFFI28,,,,"{'head': '100 in² / 645.16 cm²', 'length': '27in / 68.58cm', 'weight': '10.6oz / 301g', 'balance': '13.18in / 33.48cm / 3 pts HL', 'swingweight': '313', 'stiffness': '67', 'beam': '24.5mm / 25mm / 24.5mm', 'composition': 'Graphite', 'power': 'Low-Medium', 'stroke': 'Medium-Full', 'swing': 'Medium-Fast', 'griptype': 'Tecnifibre Synthetic', 'tension': '49-55 pounds'}","{'head_in2': 100.0, 'weight_oz': 10.6, 'weight_g': 301.0, 'swingweight': 313.0, 'stiffness': 67.0, 'balance_pts': -3.0}",https://www.tennis-warehouse.com/orderusedproduct.html?pcode=TFFI28,False,,,,
Dunlop,Dunlop SX 300 Tour Racquet 2025,Grade A,"4 3/8""",199.0,249.99,20,False,1,UR8A03B,DSXTR,,4.6,5,"{'head': '98 in² / 632.26 cm²', 'length': '27in / 68.58cm', 'weight': '11.4oz / 323g', 'balance': '12.79in / 32.49cm / 6 pts HL', 'swingweight': '321', 'stiffness': '69', 'beam': '23mm / 26mm / 23mm', 'composition': 'Sonic Core Infinergy/Graphite', 'power': 'Low-Medium', 'stroke': 'Compact-Medium', 'swing': 'Medium-Fast', 'griptype': 'Dunlop Synthetic', 'tension': '45-65 pounds'}","{'head_in2': 98.0, 'weight_oz': 11.4, 'weight_g': 323.0, 'swingweight': 321.0, 'stiffness': 69.0, 'balance_pts': -6.0}",https://www.tennis-warehouse.com/orderusedproduct.html?pcode=DSXTR,False,,,,
Wilson,Wilson Blade 98 16x19 v10 Racquet,Grade C,"4 1/4""",239.0,299.0,20,False,1,UR0C07F,WB9810,,4.9,8,"{'head': '98 in² / 632.26 cm²', 'length': '27in / 68.58cm', 'weight': '11.4oz / 323g', 'balance': '13in / 33.02cm / 4 pts HL', 'swingweight': '322', 'stiffness': '61', 'beam': '21.5mm / 21.5mm / 20.5mm', 'composition': 'Carbon/Braided Graphite', 'power': 'Low-Medium', 'stroke': 'Medium-Full', 'swing': 'Medium-Fast', 'griptype': 'Wilson Pro Performance', 'tension': '47-57 pounds'}","{'head_in2': 98.0, 'weight_oz': 11.4, 'weight_g': 323.0, 'swingweight': 322.0, 'stiffness': 61.0, 'balance_pts': -4.0}",https://www.tennis-warehouse.com/orderusedproduct.html?pcode=WB9810,False,,,,
Wilson,Wilson Clash 100 Pro v3 Racquet,Grade C,"4 3/8""",239.0,299.0,20,False,2,URD0E01C,CL1P3V,,4.3,16,"{'head': '100 in² / 645.16 cm²', 'length': '27in / 68.58cm', 'weight': '11.4oz / 323g', 'balance': '12.59in / 31.98cm / 7 pts HL', 'swingweight': '327', 'stiffness': '57', 'beam': '24.5mm / 24.5mm / 24.5mm', 'composition': 'Graphite', 'power': 'Low-Medium', 'stroke': 'Medium-Full', 'swing': 'Medium-Fast', 'griptype': 'Wilson Pro Performance', 'tension': '50-60 pounds'}","{'head_in2': 100.0, 'weight_oz': 11.4, 'weight_g': 323.0, 'swingweight': 327.0, 'stiffness': 57.0, 'balance_pts': -7.0}",https://www.tennis-warehouse.com/orderusedproduct.html?pcode=CL1P3V,False,,,,
Wilson,Wilson Ultra 100 v5 Racquet,Grade A,"4 1/4""",239.0,299.0,20,False,1,UR8A04E,WU1005,,4.3,4,"{'head': '100 in² / 645.16 cm²', 'length': '27in / 68.58cm', 'weight': '11.2oz / 318g', 'balance': '13in / 33.02cm / 4 pts HL', 'swingweight': '322', 'stiffness': '67', 'beam': '24mm / 26.5mm / 24.5mm', 'composition': 'Carbon Fiber Graphite', 'power': 'Low-Medium', 'stroke': 'Medium-Full', 'swing': 'Medium-Fast', 'griptype': 'Wilson Pro Performance', 'tension': '50-60 pounds'}","{'head_in2': 100.0, 'weight_oz': 11.2, 'weight_g': 318.0, 'swingweight': 322.0, 'stiffness': 67.0, 'balance_pts': -4.0}",https://www.tennis-warehouse.com/orderusedproduct.html?pcode=WU1005,False,typical,239.7537688442211,"4 past prices across grades, adjusted to Grade A",
Wilson,Wilson Ultra 100 v5 Racquet,Grade A,"4 1/4""",239.0,299.0,20,False,1,UR8A05B,WU1005,,4.3,4,"{'head': '100 in² / 645.16 cm²', 'length': '27in / 68.58cm', 'weight': '11.2oz / 318g', 'balance': '13in / 33.02cm / 4 pts HL', 'swingweight': '322', 'stiffness': '67', 'beam': '24mm / 26.5mm / 24.5mm', 'composition': 'Carbon Fiber Graphite', 'power': 'Low-Medium', 'stroke': 'Medium-Full', 'swing': 'Medium-Fast', 'griptype': 'Wilson Pro Performance', 'tension': '50-60 pounds'}","{'head_in2': 100.0, 'weight_oz': 11.2, 'weight_g': 318.0, 'swingweight': 322.0, 'stiffness': 67.0, 'balance_pts': -4.0}",https://www.tennis-warehouse.com/orderusedproduct.html?pcode=WU1005,False,typical,239.7537688442211,"4 past prices across grades, adjusted to Grade A",
Wilson,Wilson Ultra 100 v5 Desert Vibes Racquet,Grade A,,239.0,299.0,20,False,1,UR8A08C,WU1V5DV,,4.3,4,"{'head': '100 in² / 645.16 cm²', 'length': '27in / 68.58cm', 'weight': '11.2oz / 318g', 'balance': '13in / 33.02cm / 4 pts HL', 'swingweight': '322', 'stiffness': '67', 'beam': '24mm / 26.5mm / 24.5mm', 'composition': 'Carbon Fiber Graphite', 'power': 'Low-Medium', 'stroke': 'Medium-Full', 'swing': 'Medium-Fast', 'griptype': 'Wilson Pro Performance', 'tension': '47-57 pounds'}","{'head_in2': 100.0, 'weight_oz': 11.2, 'weight_g': 318.0, 'swingweight': 322.0, 'stiffness': 67.0, 'balance_pts': -4.0}",https://www.tennis-warehouse.com/orderusedproduct.html?pcode=WU1V5DV,False,,,,
Wilson,Wilson Ultra 100 v5 Desert Vibes Racquet,Grade A,,239.0,299.0,20,False,1,UR8A07E,WU1V5DV,,4.3,4,"{'head': '100 in² / 645.16 cm²', 'length': '27in / 68.58cm', 'weight': '11.2oz / 318g', 'balance': '13in / 33.02cm / 4 pts HL', 'swingweight': '322', 'stiffness': '67', 'beam': '24mm / 26.5mm / 24.5mm', 'composition': 'Carbon Fiber Graphite', 'power': 'Low-Medium', 'stroke': 'Medium-Full', 'swing': 'Medium-Fast', 'griptype': 'Wilson Pro Performance', 'tension': '47-57 pounds'}","{'head_in2': 100.0, 'weight_oz': 11.2, 'weight_g': 318.0, 'swingweight': 322.0, 'stiffness': 67.0, 'balance_pts': -4.0}",https://www.tennis-warehouse.com/orderusedproduct.html?pcode=WU1V5DV,False,,,,
Head,Head Prestige MP L Racquet,Grade A,"4 3/8""",209.0,259.0,19,False,1,UR8A01D,HPRMPL,279.0,4.3,12,"{'head': '99 in² / 638.71 cm²', 'length': '27in / 68.58cm', 'weight': '11.2oz / 318g', 'balance': '12.79in / 32.49cm / 6 pts HL', 'swingweight': '309', 'stiffness': '61', 'beam': '21.5mm / 21.5mm / 21.5mm', 'composition': 'Auxetic 2/Graphene Inside/Graphite', 'power': 'Low', 'stroke': 'Full', 'swing': 'Fast', 'griptype': 'Head Hydrosorb Pro', 'tension': '48-57 pounds'}","{'head_in2': 99.0, 'weight_oz': 11.2, 'weight_g': 318.0, 'swingweight': 309.0, 'stiffness': 61.0, 'balance_pts': -6.0}",https://www.tennis-warehouse.com/orderusedproduct.html?pcode=HPRMPL,False,typical,198.49748743718592,"5 past prices across grades, adjusted to Grade A",
Wilson,Wilson Triad Three Racquet,Grade B,"4 1/4""",219.0,269.0,19,False,1,UR0C01B,WTRI3,,4.9,12,"{'head': '113 in² / 729.03 cm²', 'length': '27.5in / 69.85cm', 'weight': '9.8oz / 278g', 'balance': '14.56in / 36.98cm / 6 pts HH', 'swingweight': '331', 'stiffness': 'N/A (very low)', 'beam': '26mm / 30mm / 26mm', 'composition': 'Graphite', 'power': 'Medium-High', 'stroke': 'Compact-Medium', 'swing': 'Slow-Moderate', 'griptype': 'Wilson Synthetic', 'tension': '50-60 pounds'}","{'head_in2': 113.0, 'weight_oz': 9.8, 'weight_g': 278.0, 'swingweight': 331.0, 'balance_pts': 6.0}",https://www.tennis-warehouse.com/orderusedproduct.html?pcode=WTRI3,False,,,,
Head,Head Speed Pro 2026 Racquet,Grade B,"4 1/2""",219.0,269.0,19,False,2,URD0D01B,HSPDP6,,4.8,9,"{'head': '100 in² / 645.16 cm²', 'length': '27in / 68.58cm', 'weight': '11.5oz / 326g', 'balance': '12.59in / 31.98cm / 7 pts HL', 'swingweight': '328', 'stiffness': '61', 'beam': '23mm / 23mm / 23mm', 'composition': 'Auxetic 2/Graphene Inside/Boron/Graphite', 'power': 'Low', 'stroke': 'Full', 'swing': 'Fast', 'griptype': 'Head Hydrosorb Pro', 'tension': '48-57 pounds'}","{'head_in2': 100.0, 'weight_oz': 11.5, 'weight_g': 326.0, 'swingweight': 328.0, 'stiffness': 61.0, 'balance_pts': -7.0}",https://www.tennis-warehouse.com/orderusedproduct.html?pcode=HSPDP6,False,typical,218.52153110047846,"4 past prices across grades, adjusted to Grade B",
Prince,Prince O3 Phantom 100X Racquet 2025,Grade A,"4 3/8""",179.0,219.0,18,False,1,UR8A05F,PO310X,,5.0,6,"{'head': '100 in² / 645.16 cm²', 'length': '27in / 68.58cm', 'weight': '11.5oz / 326g', 'balance': '12.59in / 31.98cm / 7 pts HL', 'swingweight': '324', 'stiffness': '66', 'beam': '19mm / 20mm / 20mm', 'composition': 'Textreme/Zylon/Graphite', 'power': 'Low-Medium', 'stroke': 'Medium-Full', 'swing': 'Medium-Fast', 'griptype': 'Prince ResiTex Tour', 'tension': '48-58 pounds'}","{'head_in2': 100.0, 'weight_oz': 11.5, 'weight_g': 326.0, 'swingweight': 324.0, 'stiffness': 66.0, 'balance_pts': -7.0}",https://www.tennis-warehouse.com/orderusedproduct.html?pcode=PO310X,False,,,,
Solinco,Solinco Whiteout 305 Racquet,Grade A,"4 3/8""",189.0,229.99,18,False,1,UR8A10A,WHTO30,,5.0,14,"{'head': '98 in² / 632.26 cm²', 'length': '27in / 68.58cm', 'weight': '11.4oz / 323g', 'balance': '13in / 33.02cm / 4 pts HL', 'swingweight': '327', 'stiffness': '66', 'beam': '21.7mm / 21.7mm / 21.7mm', 'composition': '40T Carbon/Graphite', 'power': 'Low', 'stroke': 'Full', 'swing': 'Fast', 'griptype': 'Solinco Synthetic', 'tension': '45-55 pounds'}","{'head_in2': 98.0, 'weight_oz': 11.4, 'weight_g': 323.0, 'swingweight': 327.0, 'stiffness': 66.0, 'balance_pts': -4.0}",https://www.tennis-warehouse.com/orderusedproduct.html?pcode=WHTO30,False,,,,
Solinco,Solinco Whiteout 305 18x20 Racquet,Grade A,"4 1/4""",189.0,229.99,18,False,1,UR0B31B,WHO18X,,4.4,11,"{'head': '98 in² / 632.26 cm²', 'length': '27in / 68.58cm', 'weight': '11.4oz / 323g', 'balance': '13in / 33.02cm / 4 pts HL', 'swingweight': '324', 'stiffness': '66', 'beam': '21.7mm / 21.7mm / 21.7mm', 'composition': '40T Carbon/Graphite', 'power': 'Low', 'stroke': 'Full', 'swing': 'Fast', 'griptype': 'Solinco Synthetic', 'tension': '45-55 pounds'}","{'head_in2': 98.0, 'weight_oz': 11.4, 'weight_g': 323.0, 'swingweight': 324.0, 'stiffness': 66.0, 'balance_pts': -4.0}",https://www.tennis-warehouse.com/orderusedproduct.html?pcode=WHO18X,False,,,,
Solinco,Solinco Whiteout 290 Racquet,Grade A,"4 1/4""",189.0,229.99,18,False,1,UR0C11C,WHTO29,,4.6,5,"{'head': '98 in² / 632.26 cm²', 'length': '27in / 68.58cm', 'weight': '10.7oz / 303g', 'balance': '13.18in / 33.48cm / 3 pts HL', 'swingweight': '314', 'stiffness': '67', 'beam': '21.7mm / 21.7mm / 21.7mm', 'composition': '40T Carbon/Graphite', 'power': 'Low-Medium', 'stroke': 'Medium-Full', 'swing': 'Medium-Fast', 'griptype': 'Solinco Synthetic', 'tension': '45-55 pounds'}","{'head_in2': 98.0, 'weight_oz': 10.7, 'weight_g': 303.0, 'swingweight': 314.0, 'stiffness': 67.0, 'balance_pts': -3.0}",https://www.tennis-warehouse.com/orderusedproduct.html?pcode=WHTO29,False,,,,
Yonex,Yonex Percept 100D Midnight Navy Racquet,Grade C,,249.0,305.0,18,False,1,UR0B27C,PERM1D,,4.8,11,"{'head': '100 in² / 645.16 cm²', 'length': '27in / 68.58cm', 'weight': '11.3oz / 320g', 'balance': '12.79in / 32.49cm / 6 pts HL', 'swingweight': '318', 'stiffness': '66', 'beam': '23mm / 23mm / 23mm', 'composition': 'NAMD-2G/H.M.Graphite', 'power': 'Low-Medium', 'stroke': 'Medium-Full', 'swing': 'Medium-Fast', 'griptype': 'Yonex Synthetic', 'tension': '45-60 pounds'}","{'head_in2': 100.0, 'weight_oz': 11.3, 'weight_g': 320.0, 'swingweight': 318.0, 'stiffness': 66.0, 'balance_pts': -6.0}",https://www.tennis-warehouse.com/orderusedproduct.html?pcode=PERM1D,False,,,,
Babolat,Babolat Pure Strike 18x20 3rd Gen Racquet,Grade B,"4 3/8""",99.0,119.0,17,False,1,UR8A09E,PS182,229.0,4.6,28,"{'head': '98 in 2 / 632.26 cm 2', 'length': '27in / 68.58cm', 'weight': '11.4oz / 323g', 'balance': '13in / 33.02cm / 4 pts HL', 'swingweight': '334', 'stiffness': '66', 'beam': '21mm / 23mm / 21mm', 'composition': 'Graphite', 'power': 'Low', 'stroke': 'Full', 'swing': 'Fast', 'griptype': 'Babolat Syntec Team', 'tension': '50-59 pounds'}","{'head_in2': 98.0, 'weight_oz': 11.4, 'weight_g': 323.0, 'swingweight': 334.0, 'stiffness': 66.0, 'balance_pts': -4.0}",https://www.tennis-warehouse.com/orderusedproduct.html?pcode=PS182,False,,,,
Babolat,Babolat Pure Strike EVO Racquet,Grade B,"4 3/8""",149.0,179.0,17,False,1,UR8A13G,PSEVO,,5.0,2,"{'head': '102 in² / 658.06 cm²', 'length': '27in / 68.58cm', 'weight': '10.4oz / 295g', 'balance': '13in / 33.02cm / 4 pts HL', 'swingweight': '308', 'stiffness': '65', 'beam': '23mm / 25mm / 23mm', 'composition': 'Graphite', 'power': 'Low-Medium', 'stroke': 'Medium-Full', 'swing': 'Medium-Fast', 'griptype': 'Babolat Synthetic', 'tension': '50-55 pounds'}","{'head_in2': 102.0, 'weight_oz': 10.4, 'weight_g': 295.0, 'swingweight': 308.0, 'stiffness': 65.0, 'balance_pts': -4.0}",https://www.tennis-warehouse.com/orderusedproduct.html?pcode=PSEVO,False,,,,
Babolat,Babolat Pure Strike EVO Racquet,Grade B,"4 3/8""",149.0,179.0,17,False,1,UR8A20C,PSEVO,,5.0,2,"{'head': '102 in² / 658.06 cm²', 'length': '27in / 68.58cm', 'weight': '10.4oz / 295g', 'balance': '13in / 33.02cm / 4 pts HL', 'swingweight': '308', 'stiffness': '65', 'beam': '23mm / 25mm / 23mm', 'composition': 'Graphite', 'power': 'Low-Medium', 'stroke': 'Medium-Full', 'swing': 'Medium-Fast', 'griptype': 'Babolat Synthetic', 'tension': '50-55 pounds'}","{'head_in2': 102.0, 'weight_oz': 10.4, 'weight_g': 295.0, 'swingweight': 308.0, 'stiffness': 65.0, 'balance_pts': -4.0}",https://www.tennis-warehouse.com/orderusedproduct.html?pcode=PSEVO,False,,,,
Solinco,Solinco Blackout 300 XTD v2 Camo Racquet,Grade A,,199.0,239.99,17,False,1,UR0B33C,BKOCAX,,5.0,1,"{'head': '100 in² / 645.16 cm²', 'length': '27.5in / 69.85cm', 'weight': '11.2oz / 318g', 'balance': '12.8in / 32.51cm / 8 pts HL', 'swingweight': '327', 'stiffness': '67', 'beam': '23.5mm / 26mm / 23mm', 'composition': '40T Carbon/Graphite', 'power': 'Low-Medium', 'stroke': 'Medium-Full', 'swing': 'Medium-Fast', 'griptype': 'Solinco Synthetic', 'tension': '45-55 pounds'}","{'head_in2': 100.0, 'weight_oz': 11.2, 'weight_g': 318.0, 'swingweight': 327.0, 'stiffness': 67.0, 'balance_pts': -8.0}",https://www.tennis-warehouse.com/orderusedproduct.html?pcode=BKOCAX,False,,,,
Solinco,Solinco Whiteout 305 XTD v2 Camo Racquet,Grade B,,199.0,239.99,17,False,1,UR0C25B,WTOCAX,,,,"{'head': '98 in² / 632.26 cm²', 'length': '27.5in / 69.85cm', 'weight': '11.4oz / 323g', 'balance': '13in / 33.02cm / 6 pts HL', 'swingweight': '333', 'stiffness': '65', 'beam': '21.7mm / 21.7mm / 21.7mm', 'composition': '40T Carbon/Graphite', 'power': 'Low', 'stroke': 'Full', 'swing': 'Fast', 'griptype': 'Solinco Synthetic'}","{'head_in2': 98.0, 'weight_oz': 11.4, 'weight_g': 323.0, 'swingweight': 333.0, 'stiffness': 65.0, 'balance_pts': -6.0}",https://www.tennis-warehouse.com/orderusedproduct.html?pcode=WTOCAX,False,,,,
Wilson,Wilson Blade Pro 100 v10 Racquet,Grade B,"4 1/4""",249.0,299.0,17,False,1,UR0B39B,WB100P,,4.8,4,"{'head': '100 in² / 645.16 cm²', 'length': '27.25in / 69.22cm', 'weight': '10.9oz / 309g', 'balance': '13in / 33.02cm / 5 pts HL', 'swingweight': '318', 'stiffness': '68', 'beam': '23mm / 23mm / 23mm', 'composition': 'Basalt/Braided Graphite', 'power': 'Medium', 'stroke': 'Medium', 'swing': 'Medium-Fast', 'griptype': 'Wilson Pro Performance', 'tension': '47-57 pounds'}","{'head_in2': 100.0, 'weight_oz': 10.9, 'weight_g': 309.0, 'swingweight': 318.0, 'stiffness': 68.0, 'balance_pts': -5.0}",https://www.tennis-warehouse.com/orderusedproduct.html?pcode=WB100P,False,typical,249.0,"3 past prices, this grade",
Wilson,Wilson Clash 100 Pro v3 Racquet,Grade B,"4 3/8""",249.0,299.0,17,False,1,UR0C13E,CL1P3V,,4.3,16,"{'head': '100 in² / 645.16 cm²', 'length': '27in / 68.58cm', 'weight': '11.4oz / 323g', 'balance': '12.59in / 31.98cm / 7 pts HL', 'swingweight': '327', 'stiffness': '57', 'beam': '24.5mm / 24.5mm / 24.5mm', 'composition': 'Graphite', 'power': 'Low-Medium', 'stroke': 'Medium-Full', 'swing': 'Medium-Fast', 'griptype': 'Wilson Pro Performance', 'tension': '50-60 pounds'}","{'head_in2': 100.0, 'weight_oz': 11.4, 'weight_g': 323.0, 'swingweight': 327.0, 'stiffness': 57.0, 'balance_pts': -7.0}",https://www.tennis-warehouse.com/orderusedproduct.html?pcode=CL1P3V,False,,,,
Wilson,Wilson Pro Staff 97 Classic Racquet,Grade B,"4 1/8""",249.0,299.0,17,False,1,UR0C27C,WPS97C,,4.7,48,"{'head': '97 in² / 625.81 cm²', 'length': '27in / 68.58cm', 'weight': '11.7oz / 332g', 'balance': '12.6in / 32cm / 7 pts HL', 'swingweight': '325', 'stiffness': '66', 'beam': '21.5mm / 21.5mm / 21.5mm', 'composition': 'Aramid/Graphite', 'power': 'Low', 'stroke': 'Full', 'swing': 'Fast', 'griptype': 'Wilson Pro Performance', 'tension': '47-57 pounds'}","{'head_in2': 97.0, 'weight_oz': 11.7, 'weight_g': 332.0, 'swingweight': 325.0, 'stiffness': 66.0, 'balance_pts': -7.0}",https://www.tennis-warehouse.com/orderusedproduct.html?pcode=WPS97C,False,,,,
Prince,Prince Tour 100 310g 2026 Racquet,Grade A,"4 1/4""",209.0,249.0,16,False,2,URD0D09D,PTR631,,5.0,5,"{'head': '100 in² / 645.16 cm²', 'length': '27in / 68.58cm', 'weight': '11.5oz / 326g', 'balance': '12.59in / 31.98cm / 7 pts HL', 'swingweight': '321', 'stiffness': '63', 'beam': '22mm / 23mm / 20mm', 'composition': 'Textreme/Zylon/Graphite', 'power': 'Low-Medium', 'stroke': 'Medium-Full', 'swing': 'Medium-Fast', 'griptype': 'Prince Resi Pro', 'tension': '48-58 pounds'}","{'head_in2': 100.0, 'weight_oz': 11.5, 'weight_g': 326.0, 'swingweight': 321.0, 'stiffness': 63.0, 'balance_pts': -7.0}",https://www.tennis-warehouse.com/orderusedproduct.html?pcode=PTR631,False,,,,
Tecnifibre,Tecnifibre Fire 285 Racquet,Grade A,"4 3/8""",209.0,249.0,16,False,1,UR0C23B,TFFI28,,,,"{'head': '100 in² / 645.16 cm²', 'length': '27in / 68.58cm', 'weight': '10.6oz / 301g', 'balance': '13.18in / 33.48cm / 3 pts HL', 'swingweight': '313', 'stiffness': '67', 'beam': '24.5mm / 25mm / 24.5mm', 'composition': 'Graphite', 'power': 'Low-Medium', 'stroke': 'Medium-Full', 'swing': 'Medium-Fast', 'griptype': 'Tecnifibre Synthetic', 'tension': '49-55 pounds'}","{'head_in2': 100.0, 'weight_oz': 10.6, 'weight_g': 301.0, 'swingweight': 313.0, 'stiffness': 67.0, 'balance_pts': -3.0}",https://www.tennis-warehouse.com/orderusedproduct.html?pcode=TFFI28,False,,,,
Tecnifibre,Tecnifibre Fire 260 OS Racquet,Grade A,"4 1/4""",209.0,249.0,16,False,1,UR0C01E,TFFI26,,,,"{'head': '110 in² / 709.68 cm²', 'length': '27in / 68.58cm', 'weight': '9.7oz / 275g', 'balance': '13.19in / 33.5cm / 2 pts HL', 'swingweight': '292', 'stiffness': '67', 'beam': '24.5mm / 25mm / 24.5mm', 'composition': 'Graphite', 'power': 'Low-Medium', 'stroke': 'Medium-Full', 'swing': 'Medium-Fast', 'griptype': 'Tecnifibre Synthetic', 'tension': '49-55 pounds'}","{'head_in2': 110.0, 'weight_oz': 9.7, 'weight_g': 275.0, 'swingweight': 292.0, 'stiffness': 67.0, 'balance_pts': -2.0}",https://www.tennis-warehouse.com/orderusedproduct.html?pcode=TFFI26,False,,,,
Dunlop,Dunlop FX 500 LS Racquet,Grade A,"4 1/8""",209.0,249.99,16,False,1,UR0C21B,DF50LS,,,,"{'head': '100 in² / 645.16 cm²', 'length': '27in / 68.58cm', 'weight': '10.6oz / 301g', 'balance': '13.18in / 33.48cm / 3 pts HL', 'swingweight': '307', 'stiffness': '67', 'beam': '23mm / 26mm / 23mm', 'composition': 'Sonic Core Infinergy/Graphite', 'power': 'Low-Medium', 'stroke': 'Medium-Full', 'swing': 'Medium-Fast', 'griptype': 'Dunlop Synthetic', 'tension': '45-65 pounds'}","{'head_in2': 100.0, 'weight_oz': 10.6, 'weight_g': 301.0, 'swingweight': 307.0, 'stiffness': 67.0, 'balance_pts': -3.0}",https://www.tennis-warehouse.com/orderusedproduct.html?pcode=DF50LS,False,,,,
Dunlop,Dunlop FX 500 Lite Racquet,Grade A,"4 3/8""",209.0,249.99,16,False,1,UR0B29E,DF50LI,,,,"{'head': '100 in² / 645.16 cm²', 'length': '27in / 68.58cm', 'weight': '10oz / 283g', 'balance': '13.38in / 33.99cm / 1 pts HL', 'swingweight': '306', 'stiffness': '67', 'beam': '23mm / 26mm / 23mm', 'composition': 'Sonic Core Infinergy/Graphite', 'power': 'Low-Medium', 'stroke': 'Medium-Full', 'swing': 'Medium-Fast', 'griptype': 'Dunlop Synthetic', 'tension': '45-65 pounds'}","{'head_in2': 100.0, 'weight_oz': 10.0, 'weight_g': 283.0, 'swingweight': 306.0, 'stiffness': 67.0, 'balance_pts': -1.0}",https://www.tennis-warehouse.com/orderusedproduct.html?pcode=DF50LI,False,,,,
Head,Head Gravity Team 2025 Racquet,Grade C,"4 1/4""",169.0,199.0,15,False,1,UR8B01G,HRTMPG,269.0,5.0,2,"{'head': '104 in² / 670.97 cm²', 'length': '27in / 68.58cm', 'weight': '10oz / 283g', 'balance': '13.18in / 33.48cm / 3 pts HL', 'swingweight': '304', 'stiffness': '57', 'beam': '24mm / 24mm / 24mm', 'composition': 'Graphene Inside/Auxetic 2/Graphite', 'power': 'Low-Medium', 'stroke': 'Medium-Full', 'swing': 'Medium-Fast', 'griptype': 'Head Hydrosorb Pro', 'tension': '48-57 pounds'}","{'head_in2': 104.0, 'weight_oz': 10.0, 'weight_g': 283.0, 'swingweight': 304.0, 'stiffness': 57.0, 'balance_pts': -3.0}",https://www.tennis-warehouse.com/orderusedproduct.html?pcode=HRTMPG,False,typical,167.84546406298904,"4 past prices across grades, adjusted to Grade C",
Head,Head Gravity Team 2025 Racquet,Grade C,"4 3/8""",169.0,199.0,15,False,2,URD0D09B,HRTMPG,269.0,5.0,2,"{'head': '104 in² / 670.97 cm²', 'length': '27in / 68.58cm', 'weight': '10oz / 283g', 'balance': '13.18in / 33.48cm / 3 pts HL', 'swingweight': '304', 'stiffness': '57', 'beam': '24mm / 24mm / 24mm', 'composition': 'Graphene Inside/Auxetic 2/Graphite', 'power': 'Low-Medium', 'stroke': 'Medium-Full', 'swing': 'Medium-Fast', 'griptype': 'Head Hydrosorb Pro', 'tension': '48-57 pounds'}","{'head_in2': 104.0, 'weight_oz': 10.0, 'weight_g': 283.0, 'swingweight': 304.0, 'stiffness': 57.0, 'balance_pts': -3.0}",https://www.tennis-warehouse.com/orderusedproduct.html?pcode=HRTMPG,False,typical,167.84546406298904,"4 past prices across grades, adjusted to Grade C",
Wilson,Wilson RF 01 Future Racquet,Grade B,"4 1/4""",229.0,269.0,15,False,1,UR8B12D,WRFFR,309.0,4.7,6,"{'head': '98 in² / 632.26 cm²', 'length': '27in / 68.58cm', 'weight': '10.4oz / 295g', 'balance': '13in / 33.02cm / 4 pts HL', 'swingweight': '301', 'stiffness': '64', 'beam': '23.2mm / 23mm / 22mm', 'composition': 'Carbon +Carbon Braid', 'power': 'Low-Medium', 'stroke': 'Medium-Full', 'swing': 'Medium-Fast', 'griptype': 'Wilson Pro Performance', 'tension': '50-60 pounds'}","{'head_in2': 98.0, 'weight_oz': 10.4, 'weight_g': 295.0, 'swingweight': 301.0, 'stiffness': 64.0, 'balance_pts': -4.0}",https://www.tennis-warehouse.com/orderusedproduct.html?pcode=WRFFR,False,,,,
Head,Head Speed Pro 2026 Racquet,Grade A,"4 3/8""",229.0,269.0,15,False,1,UR8B04F,HSPDP6,,4.8,9,"{'head': '100 in² / 645.16 cm²', 'length': '27in / 68.58cm', 'weight': '11.5oz / 326g', 'balance': '12.59in / 31.98cm / 7 pts HL', 'swingweight': '328', 'stiffness': '61', 'beam': '23mm / 23mm / 23mm', 'composition': 'Auxetic 2/Graphene Inside/Boron/Graphite', 'power': 'Low', 'stroke': 'Full', 'swing': 'Fast', 'griptype': 'Head Hydrosorb Pro', 'tension': '48-57 pounds'}","{'head_in2': 100.0, 'weight_oz': 11.5, 'weight_g': 326.0, 'swingweight': 328.0, 'stiffness': 61.0, 'balance_pts': -7.0}",https://www.tennis-warehouse.com/orderusedproduct.html?pcode=HSPDP6,False,typical,229.50251256281408,"4 past prices across grades, adjusted to Grade A",
Head,Head Speed Pro 2026 Racquet,Grade A,"4 1/2""",229.0,269.0,15,False,1,URD0E01E,HSPDP6,,4.8,9,"{'head': '100 in² / 645.16 cm²', 'length': '27in / 68.58cm', 'weight': '11.5oz / 326g', 'balance': '12.59in / 31.98cm / 7 pts HL', 'swingweight': '328', 'stiffness': '61', 'beam': '23mm / 23mm / 23mm', 'composition': 'Auxetic 2/Graphene Inside/Boron/Graphite', 'power': 'Low', 'stroke': 'Full', 'swing': 'Fast', 'griptype': 'Head Hydrosorb Pro', 'tension': '48-57 pounds'}","{'head_in2': 100.0, 'weight_oz': 11.5, 'weight_g': 326.0, 'swingweight': 328.0, 'stiffness': 61.0, 'balance_pts': -7.0}",https://www.tennis-warehouse.com/orderusedproduct.html?pcode=HSPDP6,False,typical,229.50251256281408,"4 past prices across grades, adjusted to Grade A",
Babolat,Babolat Pure Strike 98 16x19 Racquet 2024,Grade B,"4 3/8""",129.0,149.0,13,False,1,UR8A19F,PSRKT,249.0,4.6,24,"{'head': '98 in² / 632.26 cm²', 'length': '27in / 68.58cm', 'weight': '11.4oz / 323g', 'balance': '13in / 33.02cm / 4 pts HL', 'swingweight': '330', 'stiffness': '64', 'beam': '21mm / 23mm / 21mm', 'composition': 'Graphite', 'power': 'Low-Medium', 'stroke': 'Medium-Full', 'swing': 'Medium-Fast', 'griptype': 'Babolat Syntec Team', 'tension': '48-57 pounds'}","{'head_in2': 98.0, 'weight_oz': 11.4, 'weight_g': 323.0, 'swingweight': 330.0, 'stiffness': 64.0, 'balance_pts': -4.0}",https://www.tennis-warehouse.com/orderusedproduct.html?pcode=PSRKT,False,,,,
Babolat,Babolat Pure Strike 100 16x20 Racquet 2024,Grade B,"4 1/4""",129.0,149.0,13,False,1,UR8A20F,PS1620,259.0,5.0,14,"{'head': '100 in² / 645.16 cm²', 'length': '27in / 68.58cm', 'weight': '11.4oz / 323g', 'balance': '12.59in / 31.98cm / 7 pts HL', 'swingweight': '320', 'stiffness': '61', 'beam': '21mm / 23mm / 21mm', 'composition': 'Graphite', 'power': 'Low-Medium', 'stroke': 'Medium-Full', 'swing': 'Medium-Fast', 'griptype': 'Babolat Syntec', 'tension': '48-57 pounds'}","{'head_in2': 100.0, 'weight_oz': 11.4, 'weight_g': 323.0, 'swingweight': 320.0, 'stiffness': 61.0, 'balance_pts': -7.0}",https://www.tennis-warehouse.com/orderusedproduct.html?pcode=PS1620,False,,,,
Wilson,Wilson RF 01 Pro Racquet,Grade B,"4 1/4""",259.0,299.0,13,False,1,UR0C13F,WRFPR,349.0,4.5,40,"{'head': '98 in² / 632.26 cm²', 'length': '27in / 68.58cm', 'weight': '11.9oz / 337g', 'balance': '12.75in / 32.39cm / 6 pts HL', 'swingweight': '331', 'stiffness': '67', 'beam': '23.2mm / 23mm / 22mm', 'composition': 'Carbon +Carbon Braid', 'power': 'Low-Medium', 'stroke': 'Medium-Full', 'swing': 'Medium-Fast', 'griptype': 'Leather', 'tension': '50-60 pounds'}","{'head_in2': 98.0, 'weight_oz': 11.9, 'weight_g': 337.0, 'swingweight': 331.0, 'stiffness': 67.0, 'balance_pts': -6.0}",https://www.tennis-warehouse.com/orderusedproduct.html?pcode=WRFPR,False,typical,259.0,"8 past prices, this grade",
Wilson,Wilson RF 01 Pro Racquet,Grade B,"4 3/8""",259.0,299.0,13,False,1,UR0C17C,WRFPR,349.0,4.5,40,"{'head': '98 in² / 632.26 cm²', 'length': '27in / 68.58cm', 'weight': '11.9oz / 337g', 'balance': '12.75in / 32.39cm / 6 pts HL', 'swingweight': '331', 'stiffness': '67', 'beam': '23.2mm / 23mm / 22mm', 'composition': 'Carbon +Carbon Braid', 'power': 'Low-Medium', 'stroke': 'Medium-Full', 'swing': 'Medium-Fast', 'griptype': 'Leather', 'tension': '50-60 pounds'}","{'head_in2': 98.0, 'weight_oz': 11.9, 'weight_g': 337.0, 'swingweight': 331.0, 'stiffness': 67.0, 'balance_pts': -6.0}",https://www.tennis-warehouse.com/orderusedproduct.html?pcode=WRFPR,False,typical,259.0,"8 past prices, this grade",
Wilson,Wilson RF 01 Pro Racquet,Grade B,"4 1/2""",259.0,299.0,13,False,1,UR8A17B,WRFPR,349.0,4.5,40,"{'head': '98 in² / 632.26 cm²', 'length': '27in / 68.58cm', 'weight': '11.9oz / 337g', 'balance': '12.75in / 32.39cm / 6 pts HL', 'swingweight': '331', 'stiffness': '67', 'beam': '23.2mm / 23mm / 22mm', 'composition': 'Carbon +Carbon Braid', 'power': 'Low-Medium', 'stroke': 'Medium-Full', 'swing': 'Medium-Fast', 'griptype': 'Leather', 'tension': '50-60 pounds'}","{'head_in2': 98.0, 'weight_oz': 11.9, 'weight_g': 337.0, 'swingweight': 331.0, 'stiffness': 67.0, 'balance_pts': -6.0}",https://www.tennis-warehouse.com/orderusedproduct.html?pcode=WRFPR,False,typical,259.0,"8 past prices, this grade",
Wilson,Wilson RF 01 Pro Racquet,Grade B,"4 1/2""",259.0,299.0,13,False,1,UR0C29A,WRFPR,349.0,4.5,40,"{'head': '98 in² / 632.26 cm²', 'length': '27in / 68.58cm', 'weight': '11.9oz / 337g', 'balance': '12.75in / 32.39cm / 6 pts HL', 'swingweight': '331', 'stiffness': '67', 'beam': '23.2mm / 23mm / 22mm', 'composition': 'Carbon +Carbon Braid', 'power': 'Low-Medium', 'stroke': 'Medium-Full', 'swing': 'Medium-Fast', 'griptype': 'Leather', 'tension': '50-60 pounds'}","{'head_in2': 98.0, 'weight_oz': 11.9, 'weight_g': 337.0, 'swingweight': 331.0, 'stiffness': 67.0, 'balance_pts': -6.0}",https://www.tennis-warehouse.com/orderusedproduct.html?pcode=WRFPR,False,typical,259.0,"8 past prices, this grade",
Wilson,Wilson RF 01 Pro Racquet,Grade B,"4 1/2""",259.0,299.0,13,False,1,UR8A05G,WRFPR,349.0,4.5,40,"{'head': '98 in² / 632.26 cm²', 'length': '27in / 68.58cm', 'weight': '11.9oz / 337g', 'balance': '12.75in / 32.39cm / 6 pts HL', 'swingweight': '331', 'stiffness': '67', 'beam': '23.2mm / 23mm / 22mm', 'composition': 'Carbon +Carbon Braid', 'power': 'Low-Medium', 'stroke': 'Medium-Full', 'swing': 'Medium-Fast', 'griptype': 'Leather', 'tension': '50-60 pounds'}","{'head_in2': 98.0, 'weight_oz': 11.9, 'weight_g': 337.0, 'swingweight': 331.0, 'stiffness': 67.0, 'balance_pts': -6.0}",https://www.tennis-warehouse.com/orderusedproduct.html?pcode=WRFPR,False,typical,259.0,"8 past prices, this grade",
Wilson,Wilson RF 01 Pro Racquet,Grade B,"4 1/2""",259.0,299.0,13,False,1,UR8A18A,WRFPR,349.0,4.5,40,"{'head': '98 in² / 632.26 cm²', 'length': '27in / 68.58cm', 'weight': '11.9oz / 337g', 'balance': '12.75in / 32.39cm / 6 pts HL', 'swingweight': '331', 'stiffness': '67', 'beam': '23.2mm / 23mm / 22mm', 'composition': 'Carbon +Carbon Braid', 'power': 'Low-Medium', 'stroke': 'Medium-Full', 'swing': 'Medium-Fast', 'griptype': 'Leather', 'tension': '50-60 pounds'}","{'head_in2': 98.0, 'weight_oz': 11.9, 'weight_g': 337.0, 'swingweight': 331.0, 'stiffness': 67.0, 'balance_pts': -6.0}",https://www.tennis-warehouse.com/orderusedproduct.html?pcode=WRFPR,False,typical,259.0,"8 past prices, this grade",
Wilson,Wilson RF 01 Racquet,Grade B,"4 1/8""",249.0,279.0,11,False,1,UR8A20E,WRF1R,329.0,4.5,19,"{'head': '98 in² / 632.26 cm²', 'length': '27in / 68.58cm', 'weight': '11.2oz / 318g', 'balance': '12.85in / 32.64cm / 5 pts HL', 'swingweight': '319', 'stiffness': '64', 'beam': '23.2mm / 23mm / 22mm', 'composition': 'Carbon +Carbon Braid', 'power': 'Low-Medium', 'stroke': 'Medium-Full', 'swing': 'Medium-Fast', 'griptype': 'Pro Performance', 'tension': '50-60 pounds'}","{'head_in2': 98.0, 'weight_oz': 11.2, 'weight_g': 318.0, 'swingweight': 319.0, 'stiffness': 64.0, 'balance_pts': -5.0}",https://www.tennis-warehouse.com/orderusedproduct.html?pcode=WRF1R,False,typical,249.0,"4 past prices, this grade",
Wilson,Wilson RF 01 Racquet,Grade B,"4 3/8""",249.0,279.0,11,False,1,UR8B14G,WRF1R,329.0,4.5,19,"{'head': '98 in² / 632.26 cm²', 'length': '27in / 68.58cm', 'weight': '11.2oz / 318g', 'balance': '12.85in / 32.64cm / 5 pts HL', 'swingweight': '319', 'stiffness': '64', 'beam': '23.2mm / 23mm / 22mm', 'composition': 'Carbon +Carbon Braid', 'power': 'Low-Medium', 'stroke': 'Medium-Full', 'swing': 'Medium-Fast', 'griptype': 'Pro Performance', 'tension': '50-60 pounds'}","{'head_in2': 98.0, 'weight_oz': 11.2, 'weight_g': 318.0, 'swingweight': 319.0, 'stiffness': 64.0, 'balance_pts': -5.0}",https://www.tennis-warehouse.com/orderusedproduct.html?pcode=WRF1R,False,typical,249.0,"4 past prices, this grade",
Wilson,Wilson RF 01 Racquet,Grade B,"4 3/8""",249.0,279.0,11,False,1,UR8A03G,WRF1R,329.0,4.5,19,"{'head': '98 in² / 632.26 cm²', 'length': '27in / 68.58cm', 'weight': '11.2oz / 318g', 'balance': '12.85in / 32.64cm / 5 pts HL', 'swingweight': '319', 'stiffness': '64', 'beam': '23.2mm / 23mm / 22mm', 'composition': 'Carbon +Carbon Braid', 'power': 'Low-Medium', 'stroke': 'Medium-Full', 'swing': 'Medium-Fast', 'griptype': 'Pro Performance', 'tension': '50-60 pounds'}","{'head_in2': 98.0, 'weight_oz': 11.2, 'weight_g': 318.0, 'swingweight': 319.0, 'stiffness': 64.0, 'balance_pts': -5.0}",https://www.tennis-warehouse.com/orderusedproduct.html?pcode=WRF1R,False,typical,249.0,"4 past prices, this grade",
Wilson,Wilson RF 01 Pro Racquet,Grade A,"4 1/4""",269.0,299.0,10,False,1,UR0C27A,WRFPR,349.0,4.5,40,"{'head': '98 in² / 632.26 cm²', 'length': '27in / 68.58cm', 'weight': '11.9oz / 337g', 'balance': '12.75in / 32.39cm / 6 pts HL', 'swingweight': '331', 'stiffness': '67', 'beam': '23.2mm / 23mm / 22mm', 'composition': 'Carbon +Carbon Braid', 'power': 'Low-Medium', 'stroke': 'Medium-Full', 'swing': 'Medium-Fast', 'griptype': 'Leather', 'tension': '50-60 pounds'}","{'head_in2': 98.0, 'weight_oz': 11.9, 'weight_g': 337.0, 'swingweight': 331.0, 'stiffness': 67.0, 'balance_pts': -6.0}",https://www.tennis-warehouse.com/orderusedproduct.html?pcode=WRFPR,False,typical,272.0150753768844,"9 past prices across grades, adjusted to Grade A",
Head,Head Gravity Pro 2025 Racquet,Grade B,"4 1/4""",199.0,219.0,9,False,1,UR0C07D,HGPRR,299.0,4.8,9,"{'head': '100 in² / 645.16 cm²', 'length': '27in / 68.58cm', 'weight': '11.7oz / 332g', 'balance': '12.59in / 31.98cm / 7 pts HL', 'swingweight': '329', 'stiffness': '59', 'beam': '20mm / 20mm / 20mm', 'composition': 'Graphene Inside/Auxetic 2/Graphite', 'power': 'Low', 'stroke': 'Full', 'swing': 'Fast', 'griptype': 'Head Hydrosorb Pro', 'tension': '48-57 pounds'}","{'head_in2': 100.0, 'weight_oz': 11.7, 'weight_g': 332.0, 'swingweight': 329.0, 'stiffness': 59.0, 'balance_pts': -7.0}",https://www.tennis-warehouse.com/orderusedproduct.html?pcode=HGPRR,False,typical,199.0,"8 past prices, this grade",
Head,Head Gravity Pro 2025 Racquet,Grade B,"4 1/4""",199.0,219.0,9,False,1,UR0C09A,HGPRR,299.0,4.8,9,"{'head': '100 in² / 645.16 cm²', 'length': '27in / 68.58cm', 'weight': '11.7oz / 332g', 'balance': '12.59in / 31.98cm / 7 pts HL', 'swingweight': '329', 'stiffness': '59', 'beam': '20mm / 20mm / 20mm', 'composition': 'Graphene Inside/Auxetic 2/Graphite', 'power': 'Low', 'stroke': 'Full', 'swing': 'Fast', 'griptype': 'Head Hydrosorb Pro', 'tension': '48-57 pounds'}","{'head_in2': 100.0, 'weight_oz': 11.7, 'weight_g': 332.0, 'swingweight': 329.0, 'stiffness': 59.0, 'balance_pts': -7.0}",https://www.tennis-warehouse.com/orderusedproduct.html?pcode=HGPRR,False,typical,199.0,"8 past prices, this grade",
Head,Head Gravity Pro 2025 Racquet,Grade B,"4 1/4""",199.0,219.0,9,False,1,UR0C29D,HGPRR,299.0,4.8,9,"{'head': '100 in² / 645.16 cm²', 'length': '27in / 68.58cm', 'weight': '11.7oz / 332g', 'balance': '12.59in / 31.98cm / 7 pts HL', 'swingweight': '329', 'stiffness': '59', 'beam': '20mm / 20mm / 20mm', 'composition': 'Graphene Inside/Auxetic 2/Graphite', 'power': 'Low', 'stroke': 'Full', 'swing': 'Fast', 'griptype': 'Head Hydrosorb Pro', 'tension': '48-57 pounds'}","{'head_in2': 100.0, 'weight_oz': 11.7, 'weight_g': 332.0, 'swingweight': 329.0, 'stiffness': 59.0, 'balance_pts': -7.0}",https://www.tennis-warehouse.com/orderusedproduct.html?pcode=HGPRR,False,typical,199.0,"8 past prices, this grade",
Head,Head Gravity Pro 2025 Racquet,Grade B,"4 1/4""",199.0,219.0,9,False,1,UR0C25A,HGPRR,299.0,4.8,9,"{'head': '100 in² / 645.16 cm²', 'length': '27in / 68.58cm', 'weight': '11.7oz / 332g', 'balance': '12.59in / 31.98cm / 7 pts HL', 'swingweight': '329', 'stiffness': '59', 'beam': '20mm / 20mm / 20mm', 'composition': 'Graphene Inside/Auxetic 2/Graphite', 'power': 'Low', 'stroke': 'Full', 'swing': 'Fast', 'griptype': 'Head Hydrosorb Pro', 'tension': '48-57 pounds'}","{'head_in2': 100.0, 'weight_oz': 11.7, 'weight_g': 332.0, 'swingweight': 329.0, 'stiffness': 59.0, 'balance_pts': -7.0}",https://www.tennis-warehouse.com/orderusedproduct.html?pcode=HGPRR,False,typical,199.0,"8 past prices, this grade",
Head,Head Gravity Pro 2025 Racquet,Grade B,"4 3/8""",199.0,219.0,9,False,3,URD0D05C,HGPRR,299.0,4.8,9,"{'head': '100 in² / 645.16 cm²', 'length': '27in / 68.58cm', 'weight': '11.7oz / 332g', 'balance': '12.59in / 31.98cm / 7 pts HL', 'swingweight': '329', 'stiffness': '59', 'beam': '20mm / 20mm / 20mm', 'composition': 'Graphene Inside/Auxetic 2/Graphite', 'power': 'Low', 'stroke': 'Full', 'swing': 'Fast', 'griptype': 'Head Hydrosorb Pro', 'tension': '48-57 pounds'}","{'head_in2': 100.0, 'weight_oz': 11.7, 'weight_g': 332.0, 'swingweight': 329.0, 'stiffness': 59.0, 'balance_pts': -7.0}",https://www.tennis-warehouse.com/orderusedproduct.html?pcode=HGPRR,False,typical,199.0,"8 past prices, this grade",
Head,Head Gravity Pro 2025 Racquet,Grade B,"4 3/8""",199.0,219.0,9,False,1,URD0D03D,HGPRR,299.0,4.8,9,"{'head': '100 in² / 645.16 cm²', 'length': '27in / 68.58cm', 'weight': '11.7oz / 332g', 'balance': '12.59in / 31.98cm / 7 pts HL', 'swingweight': '329', 'stiffness': '59', 'beam': '20mm / 20mm / 20mm', 'composition': 'Graphene Inside/Auxetic 2/Graphite', 'power': 'Low', 'stroke': 'Full', 'swing': 'Fast', 'griptype': 'Head Hydrosorb Pro', 'tension': '48-57 pounds'}","{'head_in2': 100.0, 'weight_oz': 11.7, 'weight_g': 332.0, 'swingweight': 329.0, 'stiffness': 59.0, 'balance_pts': -7.0}",https://www.tennis-warehouse.com/orderusedproduct.html?pcode=HGPRR,False,typical,199.0,"8 past prices, this grade",
Head,Head Gravity Pro 2025 Racquet,Grade B,"4 1/2""",199.0,219.0,9,False,1,UR0C31F,HGPRR,299.0,4.8,9,"{'head': '100 in² / 645.16 cm²', 'length': '27in / 68.58cm', 'weight': '11.7oz / 332g', 'balance': '12.59in / 31.98cm / 7 pts HL', 'swingweight': '329', 'stiffness': '59', 'beam': '20mm / 20mm / 20mm', 'composition': 'Graphene Inside/Auxetic 2/Graphite', 'power': 'Low', 'stroke': 'Full', 'swing': 'Fast', 'griptype': 'Head Hydrosorb Pro', 'tension': '48-57 pounds'}","{'head_in2': 100.0, 'weight_oz': 11.7, 'weight_g': 332.0, 'swingweight': 329.0, 'stiffness': 59.0, 'balance_pts': -7.0}",https://www.tennis-warehouse.com/orderusedproduct.html?pcode=HGPRR,False,typical,199.0,"8 past prices, this grade",
Head,Head Gravity Pro 2025 Racquet,Grade B,"4 1/2""",199.0,219.0,9,False,1,UR8A04G,HGPRR,299.0,4.8,9,"{'head': '100 in² / 645.16 cm²', 'length': '27in / 68.58cm', 'weight': '11.7oz / 332g', 'balance': '12.59in / 31.98cm / 7 pts HL', 'swingweight': '329', 'stiffness': '59', 'beam': '20mm / 20mm / 20mm', 'composition': 'Graphene Inside/Auxetic 2/Graphite', 'power': 'Low', 'stroke': 'Full', 'swing': 'Fast', 'griptype': 'Head Hydrosorb Pro', 'tension': '48-57 pounds'}","{'head_in2': 100.0, 'weight_oz': 11.7, 'weight_g': 332.0, 'swingweight': 329.0, 'stiffness': 59.0, 'balance_pts': -7.0}",https://www.tennis-warehouse.com/orderusedproduct.html?pcode=HGPRR,False,typical,199.0,"8 past prices, this grade",
Head,Head Gravity MP 2025 Racquet,Grade B,"4 1/4""",199.0,219.0,9,False,1,UR0B27A,HGMPG,289.0,5.0,4,"{'head': '100 in² / 645.16 cm²', 'length': '27in / 68.58cm', 'weight': '11oz / 312g', 'balance': '13.18in / 33.48cm / 3 pts HL', 'swingweight': '323', 'stiffness': '57', 'beam': '22mm / 22mm / 22mm', 'composition': 'Graphene Inside/Auxetic 2/Graphite', 'power': 'Low-Medium', 'stroke': 'Medium-Full', 'swing': 'Medium-Fast', 'griptype': 'Head Hydrosorb Pro', 'tension': '48-57 pounds'}","{'head_in2': 100.0, 'weight_oz': 11.0, 'weight_g': 312.0, 'swingweight': 323.0, 'stiffness': 57.0, 'balance_pts': -3.0}",https://www.tennis-warehouse.com/orderusedproduct.html?pcode=HGMPG,False,typical,199.0,"6 past prices across grades, adjusted to Grade B",
Head,Head Gravity MP 2025 Racquet,Grade B,"4 3/8""",199.0,219.0,9,False,3,URD0E01D,HGMPG,289.0,5.0,4,"{'head': '100 in² / 645.16 cm²', 'length': '27in / 68.58cm', 'weight': '11oz / 312g', 'balance': '13.18in / 33.48cm / 3 pts HL', 'swingweight': '323', 'stiffness': '57', 'beam': '22mm / 22mm / 22mm', 'composition': 'Graphene Inside/Auxetic 2/Graphite', 'power': 'Low-Medium', 'stroke': 'Medium-Full', 'swing': 'Medium-Fast', 'griptype': 'Head Hydrosorb Pro', 'tension': '48-57 pounds'}","{'head_in2': 100.0, 'weight_oz': 11.0, 'weight_g': 312.0, 'swingweight': 323.0, 'stiffness': 57.0, 'balance_pts': -3.0}",https://www.tennis-warehouse.com/orderusedproduct.html?pcode=HGMPG,False,typical,199.0,"6 past prices across grades, adjusted to Grade B",
Head,Head Radical MP 2025 Racquet,Grade B,"4 1/4""",199.0,219.0,9,False,1,UR8A04B,HRMP,289.0,4.5,4,"{'head': '98 in² / 632.26 cm²', 'length': '27in / 68.58cm', 'weight': '11.2oz / 318g', 'balance': '13in / 33.02cm / 4 pts HL', 'swingweight': '323', 'stiffness': '66', 'beam': '20mm / 23mm / 21mm', 'composition': 'Graphene Inside/Graphite', 'power': 'Low-Medium', 'stroke': 'Medium-Full', 'swing': 'Medium-Fast', 'griptype': 'Head Hydrosorb Pro', 'tension': '48-57 pounds'}","{'head_in2': 98.0, 'weight_oz': 11.2, 'weight_g': 318.0, 'swingweight': 323.0, 'stiffness': 66.0, 'balance_pts': -4.0}",https://www.tennis-warehouse.com/orderusedproduct.html?pcode=HRMP,False,,,,
Babolat,Babolat Pure Strike 16x19 3rd Gen Racquet,Grade C,"4 1/2""",109.0,119.0,8,False,1,UR8A13B,PS1619,229.0,4.6,31,"{'head': '98 in² / 632.26 cm²', 'length': '27in / 68.58cm', 'weight': '11.4oz / 323g', 'balance': '13in / 33.02cm / 4 pts HL', 'swingweight': '327', 'stiffness': '66', 'beam': '21mm / 23mm / 21mm', 'composition': 'Graphite', 'power': 'Low-Medium', 'stroke': 'Medium-Full', 'swing': 'Medium-Fast', 'griptype': 'Babolat Syntec Team', 'tension': '50-59 pounds'}","{'head_in2': 98.0, 'weight_oz': 11.4, 'weight_g': 323.0, 'swingweight': 327.0, 'stiffness': 66.0, 'balance_pts': -4.0}",https://www.tennis-warehouse.com/orderusedproduct.html?pcode=PS1619,False,,,,
Babolat,Babolat Pure Strike 100 3rd Gen Racquet,Grade B,"4 1/4""",109.0,119.0,8,False,1,UR8A13E,BPSTRI,229.0,4.9,9,"{'head': '100 in² / 645.16 cm²', 'length': '27in / 68.58cm', 'weight': '11.1oz / 315g', 'balance': '12.99in / 32.99cm / 4 pts HL', 'swingweight': '319', 'stiffness': '69', 'beam': '21mm / 23mm / 21mm', 'composition': 'Graphite', 'power': 'Low-Medium', 'stroke': 'Medium-Full', 'swing': 'Medium-Fast', 'griptype': 'Babolat Syntec Team', 'tension': '50-59 pounds'}","{'head_in2': 100.0, 'weight_oz': 11.1, 'weight_g': 315.0, 'swingweight': 319.0, 'stiffness': 69.0, 'balance_pts': -4.0}",https://www.tennis-warehouse.com/orderusedproduct.html?pcode=BPSTRI,False,,,,
Prince,Prince Classic Graphite 107 Racquet,Grade A,,129.0,139.0,7,False,1,UR8A17D,CG107,,5.0,30,"{'head': '107 in² / 690.32 cm²', 'length': '27in / 68.58cm', 'weight': '12.2oz / 345.86g', 'balance': '12.7in / 32.26cm / 6 pts HL', 'swingweight': '336', 'stiffness': '65', 'beam': '19mm / 19mm / 19mm /', 'composition': '100% Graphite!', 'power': 'Low-Medium', 'stroke': 'Medium-Full', 'swing': 'Medium-Fast', 'griptype': 'Prince Leather', 'tension': '57-67 pounds'}","{'head_in2': 107.0, 'weight_oz': 12.2, 'weight_g': 345.86, 'swingweight': 336.0, 'stiffness': 65.0, 'balance_pts': -6.0}",https://www.tennis-warehouse.com/orderusedproduct.html?pcode=CG107,False,typical,129.0,"4 past prices, this grade",
Prince,Prince Classic Graphite 107 Racquet,Grade A,,129.0,139.0,7,False,1,UR8A20D,CG107,,5.0,30,"{'head': '107 in² / 690.32 cm²', 'length': '27in / 68.58cm', 'weight': '12.2oz / 345.86g', 'balance': '12.7in / 32.26cm / 6 pts HL', 'swingweight': '336', 'stiffness': '65', 'beam': '19mm / 19mm / 19mm /', 'composition': '100% Graphite!', 'power': 'Low-Medium', 'stroke': 'Medium-Full', 'swing': 'Medium-Fast', 'griptype': 'Prince Leather', 'tension': '57-67 pounds'}","{'head_in2': 107.0, 'weight_oz': 12.2, 'weight_g': 345.86, 'swingweight': 336.0, 'stiffness': 65.0, 'balance_pts': -6.0}",https://www.tennis-warehouse.com/orderusedproduct.html?pcode=CG107,False,typical,129.0,"4 past prices, this grade",
Prince,Prince Classic Graphite 107 Racquet,Grade A,,129.0,139.0,7,False,1,UR8A16D,CG107,,5.0,30,"{'head': '107 in² / 690.32 cm²', 'length': '27in / 68.58cm', 'weight': '12.2oz / 345.86g', 'balance': '12.7in / 32.26cm / 6 pts HL', 'swingweight': '336', 'stiffness': '65', 'beam': '19mm / 19mm / 19mm /', 'composition': '100% Graphite!', 'power': 'Low-Medium', 'stroke': 'Medium-Full', 'swing': 'Medium-Fast', 'griptype': 'Prince Leather', 'tension': '57-67 pounds'}","{'head_in2': 107.0, 'weight_oz': 12.2, 'weight_g': 345.86, 'swingweight': 336.0, 'stiffness': 65.0, 'balance_pts': -6.0}",https://www.tennis-warehouse.com/orderusedproduct.html?pcode=CG107,False,typical,129.0,"4 past prices, this grade",
Wilson,Wilson RF 01 Racquet,Grade A,"4 3/8""",259.0,279.0,7,False,1,UR0C25F,WRF1R,329.0,4.5,19,"{'head': '98 in² / 632.26 cm²', 'length': '27in / 68.58cm', 'weight': '11.2oz / 318g', 'balance': '12.85in / 32.64cm / 5 pts HL', 'swingweight': '319', 'stiffness': '64', 'beam': '23.2mm / 23mm / 22mm', 'composition': 'Carbon +Carbon Braid', 'power': 'Low-Medium', 'stroke': 'Medium-Full', 'swing': 'Medium-Fast', 'griptype': 'Pro Performance', 'tension': '50-60 pounds'}","{'head_in2': 98.0, 'weight_oz': 11.2, 'weight_g': 318.0, 'swingweight': 319.0, 'stiffness': 64.0, 'balance_pts': -5.0}",https://www.tennis-warehouse.com/orderusedproduct.html?pcode=WRF1R,False,typical,261.51256281407035,"6 past prices across grades, adjusted to Grade A",
Wilson,Wilson RF 01 Racquet,Grade A,"4 3/8""",259.0,279.0,7,False,1,UR8A10F,WRF1R,329.0,4.5,19,"{'head': '98 in² / 632.26 cm²', 'length': '27in / 68.58cm', 'weight': '11.2oz / 318g', 'balance': '12.85in / 32.64cm / 5 pts HL', 'swingweight': '319', 'stiffness': '64', 'beam': '23.2mm / 23mm / 22mm', 'composition': 'Carbon +Carbon Braid', 'power': 'Low-Medium', 'stroke': 'Medium-Full', 'swing': 'Medium-Fast', 'griptype': 'Pro Performance', 'tension': '50-60 pounds'}","{'head_in2': 98.0, 'weight_oz': 11.2, 'weight_g': 318.0, 'swingweight': 319.0, 'stiffness': 64.0, 'balance_pts': -5.0}",https://www.tennis-warehouse.com/orderusedproduct.html?pcode=WRF1R,False,typical,261.51256281407035,"6 past prices across grades, adjusted to Grade A",
Head,Head Gravity Team 2025 Racquet,Grade A,"4 3/8""",189.0,199.0,5,False,1,UR8B01D,HRTMPG,269.0,5.0,2,"{'head': '104 in² / 670.97 cm²', 'length': '27in / 68.58cm', 'weight': '10oz / 283g', 'balance': '13.18in / 33.48cm / 3 pts HL', 'swingweight': '304', 'stiffness': '57', 'beam': '24mm / 24mm / 24mm', 'composition': 'Graphene Inside/Auxetic 2/Graphite', 'power': 'Low-Medium', 'stroke': 'Medium-Full', 'swing': 'Medium-Fast', 'griptype': 'Head Hydrosorb Pro', 'tension': '48-57 pounds'}","{'head_in2': 104.0, 'weight_oz': 10.0, 'weight_g': 283.0, 'swingweight': 304.0, 'stiffness': 57.0, 'balance_pts': -3.0}",https://www.tennis-warehouse.com/orderusedproduct.html?pcode=HRTMPG,False,typical,190.30905319532542,"4 past prices across grades, adjusted to Grade A",
Head,Head Radical Team 2025 Racquet,Grade B,"4 1/4""",189.0,199.0,5,False,1,UR0B39C,HRRT,269.0,5.0,2,"{'head': '102 in² / 658.06 cm²', 'length': '27in / 68.58cm', 'weight': '10.4oz / 295g', 'balance': '13in / 33.02cm / 4 pts HL', 'swingweight': '303', 'stiffness': '63', 'beam': '22mm / 25mm / 23mm', 'composition': 'Graphene Inside/Graphite', 'power': 'Low-Medium', 'stroke': 'Medium-Full', 'swing': 'Medium-Fast', 'griptype': 'Head Hydrosorb Pro', 'tension': '48-57 pounds'}","{'head_in2': 102.0, 'weight_oz': 10.4, 'weight_g': 295.0, 'swingweight': 303.0, 'stiffness': 63.0, 'balance_pts': -4.0}",https://www.tennis-warehouse.com/orderusedproduct.html?pcode=HRRT,False,,,,
Wilson,Wilson Blade 98 16x19 v9 Racquet,Grade A,"4 1/2""",209.0,219.0,5,False,1,UR8A09D,WB9816,269.0,4.7,40,"{'head': '98 in² / 632.26 cm²', 'length': '27in / 68.58cm', 'weight': '11.4oz / 323g', 'balance': '13in / 33.02cm / 4 pts HL', 'swingweight': '324', 'stiffness': '62', 'beam': '21mm / 21mm / 21mm', 'composition': 'Basalt/Braided Graphite', 'power': 'Low', 'stroke': 'Medium-Full', 'swing': 'Medium-Fast', 'griptype': 'Wilson Pro Performance', 'tension': '50-60 pounds'}","{'head_in2': 98.0, 'weight_oz': 11.4, 'weight_g': 323.0, 'swingweight': 324.0, 'stiffness': 62.0, 'balance_pts': -4.0}",https://www.tennis-warehouse.com/orderusedproduct.html?pcode=WB9816,False,typical,209.0,"3 past prices, this grade",
Head,Head Gravity MP 2025 Racquet,Grade A,"4 1/4""",209.0,219.0,5,False,1,UR8A12A,HGMPG,289.0,5.0,4,"{'head': '100 in² / 645.16 cm²', 'length': '27in / 68.58cm', 'weight': '11oz / 312g', 'balance': '13.18in / 33.48cm / 3 pts HL', 'swingweight': '323', 'stiffness': '57', 'beam': '22mm / 22mm / 22mm', 'composition': 'Graphene Inside/Auxetic 2/Graphite', 'power': 'Low-Medium', 'stroke': 'Medium-Full', 'swing': 'Medium-Fast', 'griptype': 'Head Hydrosorb Pro', 'tension': '48-57 pounds'}","{'head_in2': 100.0, 'weight_oz': 11.0, 'weight_g': 312.0, 'swingweight': 323.0, 'stiffness': 57.0, 'balance_pts': -3.0}",https://www.tennis-warehouse.com/orderusedproduct.html?pcode=HGMPG,False,typical,209.0,"4 past prices, this grade",
Head,Head Gravity MP 2025 Racquet,Grade A,"4 1/4""",209.0,219.0,5,False,1,UR8A19C,HGMPG,289.0,5.0,4,"{'head': '100 in² / 645.16 cm²', 'length': '27in / 68.58cm', 'weight': '11oz / 312g', 'balance': '13.18in / 33.48cm / 3 pts HL', 'swingweight': '323', 'stiffness': '57', 'beam': '22mm / 22mm / 22mm', 'composition': 'Graphene Inside/Auxetic 2/Graphite', 'power': 'Low-Medium', 'stroke': 'Medium-Full', 'swing': 'Medium-Fast', 'griptype': 'Head Hydrosorb Pro', 'tension': '48-57 pounds'}","{'head_in2': 100.0, 'weight_oz': 11.0, 'weight_g': 312.0, 'swingweight': 323.0, 'stiffness': 57.0, 'balance_pts': -3.0}",https://www.tennis-warehouse.com/orderusedproduct.html?pcode=HGMPG,False,typical,209.0,"4 past prices, this grade",
Head,Head Gravity MP 2025 Racquet,Grade A,"4 1/4""",209.0,219.0,5,False,1,UR8B18G,HGMPG,289.0,5.0,4,"{'head': '100 in² / 645.16 cm²', 'length': '27in / 68.58cm', 'weight': '11oz / 312g', 'balance': '13.18in / 33.48cm / 3 pts HL', 'swingweight': '323', 'stiffness': '57', 'beam': '22mm / 22mm / 22mm', 'composition': 'Graphene Inside/Auxetic 2/Graphite', 'power': 'Low-Medium', 'stroke': 'Medium-Full', 'swing': 'Medium-Fast', 'griptype': 'Head Hydrosorb Pro', 'tension': '48-57 pounds'}","{'head_in2': 100.0, 'weight_oz': 11.0, 'weight_g': 312.0, 'swingweight': 323.0, 'stiffness': 57.0, 'balance_pts': -3.0}",https://www.tennis-warehouse.com/orderusedproduct.html?pcode=HGMPG,False,typical,209.0,"4 past prices, this grade",
Wilson,Wilson Clash 100L v3 Reverse Racquet,Grade B,"4 3/8""",219.0,229.0,4,False,1,UR8A11C,WC1L3R,289.0,,,"{'head': '100 in² / 645.16 cm²', 'length': '27in / 68.58cm', 'weight': '10.4oz / 295g', 'balance': '12.79in / 32.49cm / 6 pts HL', 'swingweight': '301', 'stiffness': '54', 'beam': '24.5mm / 24.5mm / 24.5mm', 'composition': 'Graphite', 'power': 'Low-Medium', 'stroke': 'Medium-Full', 'swing': 'Medium-Fast', 'griptype': 'Wilson Pro Performance', 'tension': '47-57 pounds'}","{'head_in2': 100.0, 'weight_oz': 10.4, 'weight_g': 295.0, 'swingweight': 301.0, 'stiffness': 54.0, 'balance_pts': -6.0}",https://www.tennis-warehouse.com/orderusedproduct.html?pcode=WC1L3R,False,,,,
Head,Head Extreme Tour Racquet,Grade A,"4 5/8""",159.0,159.0,0,True,1,UR0C15F,HRET22,269.0,4.9,20,"{'head': '98 in² / 632.26 cm²', 'length': '27in / 68.58cm', 'weight': '11.3oz / 320g', 'balance': '12.79in / 32.49cm / 6 pts HL', 'swingweight': '317', 'stiffness': '63', 'beam': '22mm / 23mm / 21mm', 'composition': 'Graphene 360+/Graphite', 'power': 'Low-Medium', 'stroke': 'Medium-Full', 'swing': 'Medium-Fast', 'griptype': 'Hydrosorb Pro', 'tension': '48-57 pounds'}","{'head_in2': 98.0, 'weight_oz': 11.3, 'weight_g': 320.0, 'swingweight': 317.0, 'stiffness': 63.0, 'balance_pts': -6.0}",https://www.tennis-warehouse.com/orderusedproduct.html?pcode=HRET22,False,,,,
Head,Head Gravity MP L 2025 Racquet,Grade A,"4 1/4""",199.0,199.0,0,True,1,UR8A01C,HGMLPG,279.0,5.0,1,"{'head': '100 in² / 645.16 cm²', 'length': '27in / 68.58cm', 'weight': '10.4oz / 295g', 'balance': '13.3in / 33.78cm / 2 pts HL', 'swingweight': '308', 'stiffness': '57', 'beam': '22mm / 22mm / 22mm', 'composition': 'Graphene Inside/Auxetic 2/Graphite', 'power': 'Low-Medium', 'stroke': 'Medium-Full', 'swing': 'Medium-Fast', 'griptype': 'Head Hydrosorb Pro', 'tension': '48-57 pounds'}","{'head_in2': 100.0, 'weight_oz': 10.4, 'weight_g': 295.0, 'swingweight': 308.0, 'stiffness': 57.0, 'balance_pts': -2.0}",https://www.tennis-warehouse.com/orderusedproduct.html?pcode=HGMLPG,False,,,,
Head,Head Gravity MP L 2025 Racquet,Grade A,"4 1/4""",199.0,199.0,0,True,1,UR8A04C,HGMLPG,279.0,5.0,1,"{'head': '100 in² / 645.16 cm²', 'length': '27in / 68.58cm', 'weight': '10.4oz / 295g', 'balance': '13.3in / 33.78cm / 2 pts HL', 'swingweight': '308', 'stiffness': '57', 'beam': '22mm / 22mm / 22mm', 'composition': 'Graphene Inside/Auxetic 2/Graphite', 'power': 'Low-Medium', 'stroke': 'Medium-Full', 'swing': 'Medium-Fast', 'griptype': 'Head Hydrosorb Pro', 'tension': '48-57 pounds'}","{'head_in2': 100.0, 'weight_oz': 10.4, 'weight_g': 295.0, 'swingweight': 308.0, 'stiffness': 57.0, 'balance_pts': -2.0}",https://www.tennis-warehouse.com/orderusedproduct.html?pcode=HGMLPG,False,,,,
Tecnifibre,Tecnifibre TF40 290g (16x19) Racquet 2024,Grade B,"4 1/4""",199.0,199.0,0,True,1,UR0C09D,TF40R9,249.0,3.8,5,"{'head': '98 in² / 632.26 cm²', 'length': '27in / 68.58cm', 'weight': '10.7oz / 303g', 'balance': '13.07in / 33.2cm / 3 pts HL', 'swingweight': '312', 'stiffness': '65', 'beam': '22mm / 22mm / 22mm', 'composition': 'Dynacore XTC/Graphite', 'power': 'Low', 'stroke': 'Full', 'swing': 'Fast', 'griptype': 'Tecnifibre Xtra Feel', 'tension': '49-55 pounds'}","{'head_in2': 98.0, 'weight_oz': 10.7, 'weight_g': 303.0, 'swingweight': 312.0, 'stiffness': 65.0, 'balance_pts': -3.0}",https://www.tennis-warehouse.com/orderusedproduct.html?pcode=TF40R9,False,typical,199.0,"3 past prices, this grade",
Tecnifibre,Tecnifibre TF40 290g (16x19) Racquet 2024,Grade B,"4 3/8""",199.0,199.0,0,True,1,UR0C03C,TF40R9,249.0,3.8,5,"{'head': '98 in² / 632.26 cm²', 'length': '27in / 68.58cm', 'weight': '10.7oz / 303g', 'balance': '13.07in / 33.2cm / 3 pts HL', 'swingweight': '312', 'stiffness': '65', 'beam': '22mm / 22mm / 22mm', 'composition': 'Dynacore XTC/Graphite', 'power': 'Low', 'stroke': 'Full', 'swing': 'Fast', 'griptype': 'Tecnifibre Xtra Feel', 'tension': '49-55 pounds'}","{'head_in2': 98.0, 'weight_oz': 10.7, 'weight_g': 303.0, 'swingweight': 312.0, 'stiffness': 65.0, 'balance_pts': -3.0}",https://www.tennis-warehouse.com/orderusedproduct.html?pcode=TF40R9,False,typical,199.0,"3 past prices, this grade",
Head,Head Radical Pro 2025 Racquet,Grade B,"4 1/4""",219.0,219.0,0,True,1,UR0C31E,HPRR,299.0,5.0,3,"{'head': '98 in² / 632.26 cm²', 'length': '27in / 68.58cm', 'weight': '11.7oz / 332g', 'balance': '12.75in / 32.39cm / 6 pts HL', 'swingweight': '329', 'stiffness': '65', 'beam': '20mm / 21.5mm / 21mm', 'composition': 'Graphene Inside/Graphite', 'power': 'Low-Medium', 'stroke': 'Medium-Full', 'swing': 'Medium-Fast', 'griptype': 'Head Hydrosorb Pro', 'tension': '48-57 pounds'}","{'head_in2': 98.0, 'weight_oz': 11.7, 'weight_g': 332.0, 'swingweight': 329.0, 'stiffness': 65.0, 'balance_pts': -6.0}",https://www.tennis-warehouse.com/orderusedproduct.html?pcode=HPRR,False,,,,
Tecnifibre,Tecnifibre TF40 290g (16x19) Racquet 2024,Grade B,"4 1/4""",209.0,199.0,-5,True,1,UR0C07C,TF40R9,249.0,3.8,5,"{'head': '98 in² / 632.26 cm²', 'length': '27in / 68.58cm', 'weight': '10.7oz / 303g', 'balance': '13.07in / 33.2cm / 3 pts HL', 'swingweight': '312', 'stiffness': '65', 'beam': '22mm / 22mm / 22mm', 'composition': 'Dynacore XTC/Graphite', 'power': 'Low', 'stroke': 'Full', 'swing': 'Fast', 'griptype': 'Tecnifibre Xtra Feel', 'tension': '49-55 pounds'}","{'head_in2': 98.0, 'weight_oz': 10.7, 'weight_g': 303.0, 'swingweight': 312.0, 'stiffness': 65.0, 'balance_pts': -3.0}",https://www.tennis-warehouse.com/orderusedproduct.html?pcode=TF40R9,False,typical,199.0,"3 past prices, this grade",
Dunlop,Dunlop CX 200 Racquet,Grade C,"4 1/4""",139.0,129.99,-7,True,1,UR8B03F,DCX2S,249.99,5.0,2,"{'head': '98 in² / 632.26 cm²', 'length': '27in / 68.58cm', 'weight': '11.3oz / 320g', 'balance': '12.63in / 32.08cm / 7 pts HL', 'swingweight': '314', 'stiffness': '64', 'beam': '21.5mm / 21.5mm / 21.5mm', 'composition': 'Sonic Core Infinergy/Graphite', 'power': 'Low-Medium', 'stroke': 'Medium-Full', 'swing': 'Medium-Fast', 'griptype': 'Dunlop Viper Dry', 'tension': '45-65 pounds'}","{'head_in2': 98.0, 'weight_oz': 11.3, 'weight_g': 320.0, 'swingweight': 314.0, 'stiffness': 64.0, 'balance_pts': -7.0}",https://www.tennis-warehouse.com/orderusedproduct.html?pcode=DCX2S,False,,,,
Dunlop,Dunlop CX 200 OS Racquet,Grade C,"4 3/8""",139.0,129.99,-7,True,1,UR8B18E,DCX2OS,249.99,4.3,4,"{'head': '105 in² / 677.42 cm²', 'length': '27in / 68.58cm', 'weight': '10.9oz / 309g', 'balance': '13.18in / 33.48cm / 3 pts HL', 'swingweight': '319', 'stiffness': '63', 'beam': '21.5mm / 21.5mm / 21.5mm', 'composition': 'Sonic Core Infinergy/Graphite', 'power': 'Low-Medium', 'stroke': 'Medium-Full', 'swing': 'Medium-Fast', 'griptype': 'Dunlop Viper Dry', 'tension': '40-60 pounds'}","{'head_in2': 105.0, 'weight_oz': 10.9, 'weight_g': 309.0, 'swingweight': 319.0, 'stiffness': 63.0, 'balance_pts': -3.0}",https://www.tennis-warehouse.com/orderusedproduct.html?pcode=DCX2OS,False,,,,
Babolat,Babolat Pure Strike 16x19 3rd Gen Racquet,Grade B,"4 1/2""",129.0,119.0,-8,True,1,UR8A15A,PS1619,229.0,4.6,31,"{'head': '98 in² / 632.26 cm²', 'length': '27in / 68.58cm', 'weight': '11.4oz / 323g', 'balance': '13in / 33.02cm / 4 pts HL', 'swingweight': '327', 'stiffness': '66', 'beam': '21mm / 23mm / 21mm', 'composition': 'Graphite', 'power': 'Low-Medium', 'stroke': 'Medium-Full', 'swing': 'Medium-Fast', 'griptype': 'Babolat Syntec Team', 'tension': '50-59 pounds'}","{'head_in2': 98.0, 'weight_oz': 11.4, 'weight_g': 323.0, 'swingweight': 327.0, 'stiffness': 66.0, 'balance_pts': -4.0}",https://www.tennis-warehouse.com/orderusedproduct.html?pcode=PS1619,False,,,,
Babolat,Babolat Pure Strike 100 3rd Gen Racquet,Grade A,"4 3/8""",129.0,119.0,-8,True,1,UR8A14E,BPSTRI,229.0,4.9,9,"{'head': '100 in² / 645.16 cm²', 'length': '27in / 68.58cm', 'weight': '11.1oz / 315g', 'balance': '12.99in / 32.99cm / 4 pts HL', 'swingweight': '319', 'stiffness': '69', 'beam': '21mm / 23mm / 21mm', 'composition': 'Graphite', 'power': 'Low-Medium', 'stroke': 'Medium-Full', 'swing': 'Medium-Fast', 'griptype': 'Babolat Syntec Team', 'tension': '50-59 pounds'}","{'head_in2': 100.0, 'weight_oz': 11.1, 'weight_g': 315.0, 'swingweight': 319.0, 'stiffness': 69.0, 'balance_pts': -4.0}",https://www.tennis-warehouse.com/orderusedproduct.html?pcode=BPSTRI,False,,,,
Tecnifibre,Tecnifibre TF40 315g (16x19) Racquet 2024,Grade B,"4 3/8""",229.0,199.0,-15,True,1,UR0B35F,TF40R5,279.0,4.8,5,"{'head': '98 in² / 632.26 cm²', 'length': '27in / 68.58cm', 'weight': '11.7oz / 332g', 'balance': '12.51in / 31.78cm / 8 pts HL', 'swingweight': '319', 'stiffness': '63', 'beam': '22mm / 22mm / 22mm', 'composition': 'Dynacore XTC/Graphite', 'power': 'Low', 'stroke': 'Full', 'swing': 'Fast', 'griptype': 'Tecnifibre Xtra Feel', 'tension': '49-55 pounds'}","{'head_in2': 98.0, 'weight_oz': 11.7, 'weight_g': 332.0, 'swingweight': 319.0, 'stiffness': 63.0, 'balance_pts': -8.0}",https://www.tennis-warehouse.com/orderusedproduct.html?pcode=TF40R5,False,,,,
Tecnifibre,Tecnifibre TF40 315g (16x19) Racquet 2024,Grade A,"4 1/4""",239.0,199.0,-20,True,1,UR0C01F,TF40R5,279.0,4.8,5,"{'head': '98 in² / 632.26 cm²', 'length': '27in / 68.58cm', 'weight': '11.7oz / 332g', 'balance': '12.51in / 31.78cm / 8 pts HL', 'swingweight': '319', 'stiffness': '63', 'beam': '22mm / 22mm / 22mm', 'composition': 'Dynacore XTC/Graphite', 'power': 'Low', 'stroke': 'Full', 'swing': 'Fast', 'griptype': 'Tecnifibre Xtra Feel', 'tension': '49-55 pounds'}","{'head_in2': 98.0, 'weight_oz': 11.7, 'weight_g': 332.0, 'swingweight': 319.0, 'stiffness': 63.0, 'balance_pts': -8.0}",https://www.tennis-warehouse.com/orderusedproduct.html?pcode=TF40R5,False,,,,
Tecnifibre,Tecnifibre TF40 315g (16x19) Racquet 2024,Grade A,"4 3/8""",239.0,199.0,-20,True,1,UR0C05A,TF40R5,279.0,4.8,5,"{'head': '98 in² / 632.26 cm²', 'length': '27in / 68.58cm', 'weight': '11.7oz / 332g', 'balance': '12.51in / 31.78cm / 8 pts HL', 'swingweight': '319', 'stiffness': '63', 'beam': '22mm / 22mm / 22mm', 'composition': 'Dynacore XTC/Graphite', 'power': 'Low', 'stroke': 'Full', 'swing': 'Fast', 'griptype': 'Tecnifibre Xtra Feel', 'tension': '49-55 pounds'}","{'head_in2': 98.0, 'weight_oz': 11.7, 'weight_g': 332.0, 'swingweight': 319.0, 'stiffness': 63.0, 'balance_pts': -8.0}",https://www.tennis-warehouse.com/orderusedproduct.html?pcode=TF40R5,False,,,,
